"","Assemblage","Diversity","Observed","Estimator","s.e.","LCL","UCL"
"1","APA CABREUVA","Species richness",63,120.694332723949,28.5402358548003,64.7564983382615,176.632167109636
"2","APA CABREUVA","Shannon diversity",13.7985293427808,15.476124006193,1.08602079867903,13.3475623543206,17.6046856580653
"3","APA CABREUVA","Simpson diversity",7.39170928135576,7.47926475007514,0.415273788630493,6.66534308063588,8.29318641951441
"4","APA CAJATI","Species richness",4,4,0.490207130000197,4,4.96078831976513
"5","APA CAJATI","Shannon diversity",3.34051222506607,3.54492190488296,0.332916063980252,2.89241840960683,4.19742540015908
"6","APA CAJATI","Simpson diversity",3.15584415584416,3.44117647058823,0.323086471170375,2.80793862320216,4.07441431797431
"7","APA CORUMBATAÍ BOTUCATU TEJUPÁ PERIMETRO TEJUPÁ","Species richness",16,47.4838709677419,23.6497910934325,16,93.8366097527658
"8","APA CORUMBATAÍ BOTUCATU TEJUPÁ PERIMETRO TEJUPÁ","Shannon diversity",9.15569431646326,12.4286949539483,2.74509723952456,7.04840323041983,17.8089866774767
"9","APA CORUMBATAÍ BOTUCATU TEJUPÁ PERIMETRO TEJUPÁ","Simpson diversity",6.24025974025974,6.82671480144403,1.01825506148079,4.83097155386606,8.82245804902199
"10","APA CORUMBATAÍ, BOTUCATU E TEJUPÁ PERIMETRO CORUMBATAÍ","Species richness",108,131.662448678808,12.7892823461697,108,156.728981465415
"11","APA CORUMBATAÍ, BOTUCATU E TEJUPÁ PERIMETRO CORUMBATAÍ","Shannon diversity",14.3712462440458,14.890202014469,0.560242318211228,13.7921472481597,15.9882567807782
"12","APA CORUMBATAÍ, BOTUCATU E TEJUPÁ PERIMETRO CORUMBATAÍ","Simpson diversity",5.50534431761991,5.51738779229924,0.206782406404587,5.11210172310973,5.92267386148876
"13","APA JUNDIAÍ","Species richness",134,164.665987390524,13.7254605249904,137.764579090317,191.567395690732
"14","APA JUNDIAÍ","Shannon diversity",16.1133999693641,16.8412435439914,0.654769641801307,15.5579186278907,18.1245684600922
"15","APA JUNDIAÍ","Simpson diversity",7.44646886584646,7.46934339775234,0.247761983999592,6.98373883237495,7.95494796312973
"16","APA MORRO DE SÃO BENTO","Species richness",29,71.4080808080808,31.2195760473576,29,132.597325473511
"17","APA MORRO DE SÃO BENTO","Shannon diversity",12.0630098614935,14.7178432784922,2.10390910982152,10.5942571964962,18.8414293604881
"18","APA MORRO DE SÃO BENTO","Simpson diversity",8.10509080083358,8.4721352536005,0.831811074917267,6.84181550482111,10.1024550023799
"19","APA PIRACICABA JUQUERÍ-MIRIM AREA II","Species richness",167,225.126385317169,16.2530498341181,193.270993003363,256.981777630975
"20","APA PIRACICABA JUQUERÍ-MIRIM AREA II","Shannon diversity",11.9470877001286,12.3192732746145,0.361742887710209,11.6102702430389,13.02827630619
"21","APA PIRACICABA JUQUERÍ-MIRIM AREA II","Simpson diversity",5.28594720105472,5.29150308121649,0.131071832820211,5.03460700950122,5.54839915293176
"22","APA QUILOMBOS DO MÉDIO RIBEIRA","Species richness",24,38.2941176470588,17.8270090412936,24,73.2344133200641
"23","APA QUILOMBOS DO MÉDIO RIBEIRA","Shannon diversity",7.19789032640849,8.3863185312934,1.08948210955073,6.25097283477325,10.5216642278136
"24","APA QUILOMBOS DO MÉDIO RIBEIRA","Simpson diversity",3.53922694221202,3.60707269155207,0.457560721356166,2.71027015695382,4.50387522615032
"25","APA RIO BATALHA","Species richness",41,66.6424603174603,17.6512171685964,41,101.238210251204
"26","APA RIO BATALHA","Shannon diversity",19.2269770693543,23.4583675719838,2.40899718762253,18.7368198453854,28.1799152985823
"27","APA RIO BATALHA","Simpson diversity",11.376404494382,12.0764617691154,1.29142803397264,9.5453093339037,14.6076142043272
"28","APA SÃO FRANCISCO XAVIER","Species richness",40,100.436046511628,43.02683925816,40,184.767101826216
"29","APA SÃO FRANCISCO XAVIER","Shannon diversity",6.28968369831008,6.60176146447672,0.314206782661451,5.98592748676207,7.21759544219137
"30","APA SÃO FRANCISCO XAVIER","Simpson diversity",4.17533382477815,4.18941083847264,0.157325494128687,3.88105853613044,4.49776314081483
"31","APA SERRA DO MAR","Species richness",115,133.27953340403,12.9654522912174,115,158.691352938088
"32","APA SERRA DO MAR","Shannon diversity",4.98152377959037,5.04344143303333,0.133450565194147,4.78188313153629,5.30499973453038
"33","APA SERRA DO MAR","Simpson diversity",2.31590750084709,2.31642031963475,0.0381667598992467,2.24161484482564,2.39122579444386
"34","APA SISTEMA CANTAREIRA","Species richness",165,241.309564213362,23.1204158787937,195.994381783339,286.624746643386
"35","APA SISTEMA CANTAREIRA","Shannon diversity",15.2628279478543,15.7266721242206,0.384789629362137,14.9724983090463,16.4808459393949
"36","APA SISTEMA CANTAREIRA","Simpson diversity",8.47012418047242,8.48454196529842,0.141209698122347,8.20777604271085,8.761307887886
"37","APA VÁRZEA DO RIO TIETÊ","Species richness",167,233.656725320608,18.8559476595549,196.699747013509,270.613703627708
"38","APA VÁRZEA DO RIO TIETÊ","Shannon diversity",9.86467522761971,10.055239220719,0.218551438447462,9.62688627259252,10.4835921688454
"39","APA VÁRZEA DO RIO TIETÊ","Simpson diversity",5.66307819631512,5.6670193975964,0.070900639226778,5.52805669823105,5.80598209696176
"40","ÁREA DE PROTEÇÃO AMBIENTAL BACIA DO COBRE / SÃO BARTOLOMEU","Species richness",12,50.25,22.9828307369159,12,95.2955205071352
"41","ÁREA DE PROTEÇÃO AMBIENTAL BACIA DO COBRE / SÃO BARTOLOMEU","Shannon diversity",10.1979624732045,29.0466375775399,18.1782981769009,0,64.6754473044957
"42","ÁREA DE PROTEÇÃO AMBIENTAL BACIA DO COBRE / SÃO BARTOLOMEU","Simpson diversity",8.52631578947369,15.3,17.6229066847678,0,49.8402624050551
"43","ÁREA DE PROTEÇÃO AMBIENTAL BACIA DO RIO DE JANEIRO","Species richness",14,18.3636363636364,6.18683360196876,14,30.4896074018374
"44","ÁREA DE PROTEÇÃO AMBIENTAL BACIA DO RIO DE JANEIRO","Shannon diversity",10.6062711679707,14.3986644396439,2.43612740579198,9.62394246254064,19.1733864167472
"45","ÁREA DE PROTEÇÃO AMBIENTAL BACIA DO RIO DE JANEIRO","Simpson diversity",7.94890510948905,10.1538461538461,2.85463089636103,4.55887240782324,15.748819899869
"46","ÁREA DE PROTEÇÃO AMBIENTAL BACIA DO RIO PANDEIROS","Species richness",19,26.9090909090909,10.2111838773261,19,46.9226435481662
"47","ÁREA DE PROTEÇÃO AMBIENTAL BACIA DO RIO PANDEIROS","Shannon diversity",11.6665352018235,13.7700914097709,1.54801429070434,10.7360391524371,16.8041436671047
"48","ÁREA DE PROTEÇÃO AMBIENTAL BACIA DO RIO PANDEIROS","Simpson diversity",9.06791569086651,9.99477806788513,1.10457298019092,7.82985480841486,12.1597013273554
"49","AREA DE PROTEÇÃO AMBIENTAL BARREIRO RICO","Species richness",42,67.5636879432624,30.8939063630244,42,128.114631756543
"50","AREA DE PROTEÇÃO AMBIENTAL BARREIRO RICO","Shannon diversity",10.3533842729831,10.8822841460457,0.624908426430838,9.65748613660567,12.1070821554858
"51","AREA DE PROTEÇÃO AMBIENTAL BARREIRO RICO","Simpson diversity",6.421760533354,6.47160068846816,0.297428866975696,5.88865082123324,7.05455055570308
"52","ÁREA DE PROTEÇÃO AMBIENTAL CACHOEIRA DAS ANDORINHAS","Species richness",27,58.5428571428571,37.6370622059753,27,132.310143550462
"53","ÁREA DE PROTEÇÃO AMBIENTAL CACHOEIRA DAS ANDORINHAS","Shannon diversity",18.1357038625012,27.5151449617237,5.12092296281063,17.4783203870108,37.5519695364367
"54","ÁREA DE PROTEÇÃO AMBIENTAL CACHOEIRA DAS ANDORINHAS","Simpson diversity",13.4615384615385,16.4285714285714,2.34521493703086,11.8320346159856,21.0251082411573
"55","ÁREA DE PROTEÇÃO AMBIENTAL CARSTE DE LAGOA SANTA","Species richness",45,61.3305785123967,8.56147647998409,45,78.1107640676523
"56","ÁREA DE PROTEÇÃO AMBIENTAL CARSTE DE LAGOA SANTA","Shannon diversity",22.2598946032769,26.2345668151611,2.10421880129834,22.1103737490243,30.3587598812979
"57","ÁREA DE PROTEÇÃO AMBIENTAL CARSTE DE LAGOA SANTA","Simpson diversity",14.3545842918173,15.3394495412844,1.55554155419393,12.2906441186089,18.38825496396
"58","ÁREA DE PROTEÇÃO AMBIENTAL CAVERNAS DO PERUAÇU","Species richness",28,140.037037037037,54.6189528726084,32.9858565334342,247.08821754064
"59","ÁREA DE PROTEÇÃO AMBIENTAL CAVERNAS DO PERUAÇU","Shannon diversity",6.70180151022478,7.95533177644637,1.0227413983476,5.95079547018694,9.95986808270579
"60","ÁREA DE PROTEÇÃO AMBIENTAL CAVERNAS DO PERUAÇU","Simpson diversity",2.99634647587152,3.02127003699137,0.272147616368806,2.48787051043009,3.55466956355265
"61","ÁREA DE PROTEÇÃO AMBIENTAL CHAPADA DO ARARIPE","Species richness",96,123.485475527258,13.1927429412111,97.6281745051896,149.342776549327
"62","ÁREA DE PROTEÇÃO AMBIENTAL CHAPADA DO ARARIPE","Shannon diversity",29.219767085201,32.1706174148536,1.75820596425404,28.7245970475122,35.616637782195
"63","ÁREA DE PROTEÇÃO AMBIENTAL CHAPADA DO ARARIPE","Simpson diversity",13.8225010725011,14.0741976051178,0.853332816248728,12.4016960184442,15.7466991917914
"64","ÁREA DE PROTEÇÃO AMBIENTAL COCHÁ E GIBÃO","Species richness",7,14.7575757575758,5.80630406808136,7,26.1377226143036
"65","ÁREA DE PROTEÇÃO AMBIENTAL COCHÁ E GIBÃO","Shannon diversity",3.29135990059962,4.070488835186,1.14626103496464,1.82385848977369,6.3171191805983
"66","ÁREA DE PROTEÇÃO AMBIENTAL COCHÁ E GIBÃO","Simpson diversity",2.24536082474227,2.3362831858407,0.615408246763435,1.13010518639543,3.54246118528598
"67","ÁREA DE PROTEÇÃO AMBIENTAL CONCEIÇÃO DA BARRA","Species richness",17,19.521978021978,7.90875447413445,17,35.0228519538516
"68","ÁREA DE PROTEÇÃO AMBIENTAL CONCEIÇÃO DA BARRA","Shannon diversity",11.7376107602624,14.4168003182133,1.92385268167801,10.6461183505636,18.187482285863
"69","ÁREA DE PROTEÇÃO AMBIENTAL CONCEIÇÃO DA BARRA","Simpson diversity",8.77922077922078,10.359375,1.67020889214581,7.08582572473567,13.6329242752643
"70","ÁREA DE PROTEÇÃO AMBIENTAL DA ARARINHA AZUL","Species richness",7,14.7142857142857,6.62472609192795,7,27.6985102619073
"71","ÁREA DE PROTEÇÃO AMBIENTAL DA ARARINHA AZUL","Shannon diversity",3.21225561232632,4.12705793194794,1.28324478165414,1.61194437655686,6.64217148733903
"72","ÁREA DE PROTEÇÃO AMBIENTAL DA ARARINHA AZUL","Simpson diversity",2.07407407407407,2.16,0.558989506370864,1.06440069977728,3.25559930022271
"73","ÁREA DE PROTEÇÃO AMBIENTAL DA BACIA DO RIO DESCOBERTO","Species richness",55,75.0113803230543,17.7122535172243,55,109.726759301857
"74","ÁREA DE PROTEÇÃO AMBIENTAL DA BACIA DO RIO DESCOBERTO","Shannon diversity",17.6074722212304,19.2708092694053,1.34372318468864,16.6371602222241,21.9044583165865
"75","ÁREA DE PROTEÇÃO AMBIENTAL DA BACIA DO RIO DESCOBERTO","Simpson diversity",8.58745104574619,8.73373534907423,0.659848954571871,7.44045516287696,10.0270155352715
"76","ÁREA DE PROTEÇÃO AMBIENTAL DA BACIA HIDROGRÁFICA DO RIO MACHADO","Species richness",41,63.1014492753623,19.4803809105464,41,101.282294265155
"77","ÁREA DE PROTEÇÃO AMBIENTAL DA BACIA HIDROGRÁFICA DO RIO MACHADO","Shannon diversity",17.2248603028071,20.8174540250693,2.18881975731733,16.5274461320776,25.107461918061
"78","ÁREA DE PROTEÇÃO AMBIENTAL DA BACIA HIDROGRÁFICA DO RIO MACHADO","Simpson diversity",10.130460801915,10.6624445851805,1.10133108453296,8.50387532444146,12.8210138459195
"79","ÁREA DE PROTEÇÃO AMBIENTAL DA BAIXADA MARANHENSE","Species richness",50,83.2183908045977,27.3477101404168,50,136.818917739455
"80","ÁREA DE PROTEÇÃO AMBIENTAL DA BAIXADA MARANHENSE","Shannon diversity",22.7035466636698,26.3485278662212,2.25000168342403,21.9386056015556,30.7584501308868
"81","ÁREA DE PROTEÇÃO AMBIENTAL DA BAIXADA MARANHENSE","Simpson diversity",12.8279438682123,13.3753590807532,1.37849383616563,10.6735608089581,16.0771573525483
"82","ÁREA DE PROTEÇÃO AMBIENTAL DA CHAPADA DOS GUIMARÃES","Species richness",85,111.124924924925,11.019630765372,89.5268455018663,132.723004347984
"83","ÁREA DE PROTEÇÃO AMBIENTAL DA CHAPADA DOS GUIMARÃES","Shannon diversity",6.94448229407351,7.08251539917406,0.228334913708398,6.63498719189254,7.53004360645559
"84","ÁREA DE PROTEÇÃO AMBIENTAL DA CHAPADA DOS GUIMARÃES","Simpson diversity",3.07596561931595,3.07802222321389,0.0752522675510876,2.93053048905879,3.22551395736899
"85","ÁREA DE PROTEÇÃO AMBIENTAL DA LAGOA DA JIJOCA","Species richness",4,4.83333333333333,2.46867808608268,4,9.67185347147865
"86","ÁREA DE PROTEÇÃO AMBIENTAL DA LAGOA DA JIJOCA","Shannon diversity",3.77976314968462,5.60453182414359,2.63606996726581,0.43792962757493,10.7711340207122
"87","ÁREA DE PROTEÇÃO AMBIENTAL DA LAGOA DA JIJOCA","Simpson diversity",3.6,7.5,3.43397736993134,0.769528031208995,14.230471968791
"88","ÁREA DE PROTEÇÃO AMBIENTAL DA REGIÃO DO MARACANÃ","Species richness",7,8.02272727272727,4.53911625414009,7,16.9192316524822
"89","ÁREA DE PROTEÇÃO AMBIENTAL DA REGIÃO DO MARACANÃ","Shannon diversity",6.64449194422446,9.73133487324966,3.11887564255886,3.61845094157507,15.8442188049242
"90","ÁREA DE PROTEÇÃO AMBIENTAL DA REGIÃO DO MARACANÃ","Simpson diversity",6.36842105263158,13.75,2.93177224086926,8.00383199702196,19.496168002978
"91","ÁREA DE PROTEÇÃO AMBIENTAL DA REGIÃO SERRANA DE PETRÓPOLIS","Species richness",131,175.284372469636,17.0097175377563,141.945938708434,208.622806230837
"92","ÁREA DE PROTEÇÃO AMBIENTAL DA REGIÃO SERRANA DE PETRÓPOLIS","Shannon diversity",16.3382711768417,17.2001605325286,0.725812516853086,15.7775941399682,18.622726925089
"93","ÁREA DE PROTEÇÃO AMBIENTAL DA REGIÃO SERRANA DE PETRÓPOLIS","Simpson diversity",5.7182140164355,5.73245675356204,0.237203970616805,5.2675455141632,6.19736799296087
"94","ÁREA DE PROTEÇÃO AMBIENTAL DA SERRA DE BATURITÉ","Species richness",74,89.1491531597159,10.8796771029508,74,110.472928444925
"95","ÁREA DE PROTEÇÃO AMBIENTAL DA SERRA DE BATURITÉ","Shannon diversity",7.28614089625096,7.49874122115675,0.321086371606243,6.86942349688187,8.12805894543163
"96","ÁREA DE PROTEÇÃO AMBIENTAL DA SERRA DE BATURITÉ","Simpson diversity",3.25461441542078,3.25885414972183,0.122970922116468,3.01783557122788,3.49987272821579
"97","ÁREA DE PROTEÇÃO AMBIENTAL DA SERRA DE SAPIATIBA","Species richness",21,40.96699669967,22.6633527802448,21,85.3863519178754
"98","ÁREA DE PROTEÇÃO AMBIENTAL DA SERRA DE SAPIATIBA","Shannon diversity",10.5815049437518,12.9821329512406,1.96138216980291,9.13789453850789,16.8263713639733
"99","ÁREA DE PROTEÇÃO AMBIENTAL DA SERRA DE SAPIATIBA","Simpson diversity",7.28122769450392,7.76923076923077,1.01622145491648,5.77747331727758,9.76098822118396
"100","ÁREA DE PROTEÇÃO AMBIENTAL DA VARGEM DO BRAÇO","Species richness",13,25.1006097560976,13.2914532990951,13,51.15137952452
"101","ÁREA DE PROTEÇÃO AMBIENTAL DA VARGEM DO BRAÇO","Shannon diversity",5.87920111457569,6.85451280106283,1.16818839362504,4.56490562240006,9.1441199797256
"102","ÁREA DE PROTEÇÃO AMBIENTAL DA VARGEM DO BRAÇO","Simpson diversity",4.26649746192893,4.44578313253011,0.552324403470953,3.36324719394448,5.52831907111575
"103","ÁREA DE PROTEÇÃO AMBIENTAL DAS CABECEIRAS DO RIO CUIABÁ","Species richness",7,18.4583333333333,6.7615306950214,7,31.7106899759374
"104","ÁREA DE PROTEÇÃO AMBIENTAL DAS CABECEIRAS DO RIO CUIABÁ","Shannon diversity",5.46728959247806,11.1068032779907,4.54041417245108,2.2077550250914,20.0058515308901
"105","ÁREA DE PROTEÇÃO AMBIENTAL DAS CABECEIRAS DO RIO CUIABÁ","Simpson diversity",4.23529411764706,5.99999999999999,3.86011050702911,0,13.5656775701217
"106","ÁREA DE PROTEÇÃO AMBIENTAL DAS NASCENTES DE ARAGUAINA","Species richness",9,10.4545454545455,3.41523297101857,9,17.1482790765556
"107","ÁREA DE PROTEÇÃO AMBIENTAL DAS NASCENTES DE ARAGUAINA","Shannon diversity",5.8577259919198,6.91136373621107,1.24513010127581,4.47095358164378,9.35177389077836
"108","ÁREA DE PROTEÇÃO AMBIENTAL DAS NASCENTES DE ARAGUAINA","Simpson diversity",4.37349397590362,4.88888888888889,1.13468896397527,2.6649393858423,7.11283839193548
"109","ÁREA DE PROTEÇÃO AMBIENTAL DE CAFURINGA","Species richness",106,146.825682343389,14.0132438499191,119.36022909097,174.291135595808
"110","ÁREA DE PROTEÇÃO AMBIENTAL DE CAFURINGA","Shannon diversity",7.67616096735947,7.79151158300275,0.197885873834859,7.40366239723719,8.17936076876831
"111","ÁREA DE PROTEÇÃO AMBIENTAL DE CAFURINGA","Simpson diversity",4.19402920463164,4.19654117522235,0.0780882508073283,4.04349101602425,4.34959133442044
"112","ÁREA DE PROTEÇÃO AMBIENTAL DE GERICINÓ/MENDANHA","Species richness",34,52.6100746268657,23.2219480631882,34,98.1242564815742
"113","ÁREA DE PROTEÇÃO AMBIENTAL DE GERICINÓ/MENDANHA","Shannon diversity",19.8120699463311,24.4947928592839,2.81053957442438,18.9862365162876,30.0033492022802
"114","ÁREA DE PROTEÇÃO AMBIENTAL DE GERICINÓ/MENDANHA","Simpson diversity",13.5619335347432,14.9764705882353,1.9062195184932,11.2403489853613,18.7125921911092
"115","ÁREA DE PROTEÇÃO AMBIENTAL DE MURICÍ","Species richness",64,91.9365079365079,15.6685405730963,64,122.646283150081
"116","ÁREA DE PROTEÇÃO AMBIENTAL DE MURICÍ","Shannon diversity",16.6632413523279,18.7166822602151,1.50952733998685,15.7580630401623,21.6753014802679
"117","ÁREA DE PROTEÇÃO AMBIENTAL DE MURICÍ","Simpson diversity",7.99642284445541,8.12562814070352,0.560874333111361,7.02633464795234,9.22492163345471
"118","ÁREA DE PROTEÇÃO AMBIENTAL DE PRESIDENTE FIGUEIREDO - CAVERNA DO MOROAGA","Species richness",25,96.2993421052632,64.670395371704,25,223.050987899769
"119","ÁREA DE PROTEÇÃO AMBIENTAL DE PRESIDENTE FIGUEIREDO - CAVERNA DO MOROAGA","Shannon diversity",11.758557430032,19.1033906488792,5.66131241738609,8.00742220557313,30.1993590921854
"120","ÁREA DE PROTEÇÃO AMBIENTAL DE PRESIDENTE FIGUEIREDO - CAVERNA DO MOROAGA","Simpson diversity",6.65437788018433,7.1969696969697,1.39801029827139,4.45691986234168,9.93701953159773
"121","ÁREA DE PROTEÇÃO AMBIENTAL DE SANTA RITA","Species richness",23,43.9428879310345,23.7948934823812,23,90.5800221724685
"122","ÁREA DE PROTEÇÃO AMBIENTAL DE SANTA RITA","Shannon diversity",8.18710289768517,9.96523572896575,1.62064921130475,6.78882164323521,13.1416498146963
"123","ÁREA DE PROTEÇÃO AMBIENTAL DE SANTA RITA","Simpson diversity",4.51543624161074,4.65782122905029,0.732552834984912,3.22204405570715,6.09359840239343
"124","ÁREA DE PROTEÇÃO AMBIENTAL DE SÃO GERALDO DO ARAGUAIA","Species richness",12,42.6086956521739,18.0265551468915,12,77.9400945054064
"125","ÁREA DE PROTEÇÃO AMBIENTAL DE SÃO GERALDO DO ARAGUAIA","Shannon diversity",9.42299895198001,19.5534184745566,8.00038894322446,3.87294428352415,35.233892665589
"126","ÁREA DE PROTEÇÃO AMBIENTAL DE SÃO GERALDO DO ARAGUAIA","Simpson diversity",7.66666666666667,11,4.81104139672818,1.57053213428149,20.4294678657185
"127","ÁREA DE PROTEÇÃO AMBIENTAL DE SEPETIBA II","Species richness",3,3.9,0.839789986974258,3,5.54595812904691
"128","ÁREA DE PROTEÇÃO AMBIENTAL DE SEPETIBA II","Shannon diversity",1.894645708138,2.27561015697508,0.50040624971218,1.29483192990045,3.25638838404971
"129","ÁREA DE PROTEÇÃO AMBIENTAL DE SEPETIBA II","Simpson diversity",1.51515151515151,1.60714285714286,0.431325945799636,0.761759537777897,2.45252617650782
"130","ÁREA DE PROTEÇÃO AMBIENTAL DE SIRINHAÉM","Species richness",15,21.1714285714286,12.5574514184019,15,45.7835810891078
"131","ÁREA DE PROTEÇÃO AMBIENTAL DE SIRINHAÉM","Shannon diversity",11.9468297336498,18.2515221009757,4.93407086436353,8.58092090965481,27.9221232922967
"132","ÁREA DE PROTEÇÃO AMBIENTAL DE SIRINHAÉM","Simpson diversity",9.11627906976744,13.0344827586207,3.89767460434596,5.39518091064618,20.6737846065952
"133","ÁREA DE PROTEÇÃO AMBIENTAL DE TAMBABA","Species richness",8,11.8095238095238,5.04800563317035,8,21.703433044293
"134","ÁREA DE PROTEÇÃO AMBIENTAL DE TAMBABA","Shannon diversity",5.76569908516019,7.76026579952391,2.14285543755391,3.56034631784242,11.9601852812054
"135","ÁREA DE PROTEÇÃO AMBIENTAL DE TAMBABA","Simpson diversity",4.54639175257732,5.52631578947369,1.62881806413754,2.33389104639586,8.71874053255151
"136","ÁREA DE PROTEÇÃO AMBIENTAL DO CARIRI","Species richness",14,33.6544117647059,20.3489877810395,14,73.537694937389
"137","ÁREA DE PROTEÇÃO AMBIENTAL DO CARIRI","Shannon diversity",8.15077732246688,13.0933069031995,5.33892512883565,2.62920593452574,23.5574078718732
"138","ÁREA DE PROTEÇÃO AMBIENTAL DO CARIRI","Simpson diversity",4.85714285714285,5.49999999999999,2.16401770143013,1.2586032432898,9.74139675671019
"139","ÁREA DE PROTEÇÃO AMBIENTAL DO CATOLÉ E FERNÃO VELHO","Species richness",28,44.2114427860697,24.1139683264441,28,91.4739522302397
"140","ÁREA DE PROTEÇÃO AMBIENTAL DO CATOLÉ E FERNÃO VELHO","Shannon diversity",13.2637854654975,15.8801446589808,1.88264973000372,12.1902189926695,19.5700703252922
"141","ÁREA DE PROTEÇÃO AMBIENTAL DO CATOLÉ E FERNÃO VELHO","Simpson diversity",8.82792527040315,9.37999999999999,1.11928153760988,7.18624849772401,11.573751502276
"142","ÁREA DE PROTEÇÃO AMBIENTAL DO IRAÍ","Species richness",51,68.944099378882,10.2451775870678,51,89.0242784647518
"143","ÁREA DE PROTEÇÃO AMBIENTAL DO IRAÍ","Shannon diversity",23.4606138726607,26.3840464312032,1.81221024202084,22.8321796244277,29.9359132379786
"144","ÁREA DE PROTEÇÃO AMBIENTAL DO IRAÍ","Simpson diversity",14.3368362831858,14.9583212735166,1.30121937854052,12.4079781555916,17.5086643914416
"145","ÁREA DE PROTEÇÃO AMBIENTAL DO PASSAUNA","Species richness",38,71.1691297208539,43.312941106236,38,156.060934353581
"146","ÁREA DE PROTEÇÃO AMBIENTAL DO PASSAUNA","Shannon diversity",14.1380795260398,16.9610544475571,2.04876311584181,12.9455525276531,20.9765563674611
"147","ÁREA DE PROTEÇÃO AMBIENTAL DO PASSAUNA","Simpson diversity",7.31304347826087,7.54896907216497,0.926731277716395,5.73260914449405,9.36532899983589
"148","ÁREA DE PROTEÇÃO AMBIENTAL DO PEQUENO","Species richness",13,17.0650406504065,8.30775740703836,13,33.3479459604976
"149","ÁREA DE PROTEÇÃO AMBIENTAL DO PEQUENO","Shannon diversity",9.12635824674972,11.4195424645117,2.16471523192799,7.17677857314763,15.6623063558759
"150","ÁREA DE PROTEÇÃO AMBIENTAL DO PEQUENO","Simpson diversity",6.97510373443983,8.2,1.87814792556725,4.51889770824958,11.8811022917504
"151","ÁREA DE PROTEÇÃO AMBIENTAL DO PICO DO GOIAPABA-AÇU","Species richness",8,12.3125,5.6058072196462,8,23.2996802547812
"152","ÁREA DE PROTEÇÃO AMBIENTAL DO PICO DO GOIAPABA-AÇU","Shannon diversity",6.35383950815536,8.20277587052959,1.82025770795685,4.63513632035274,11.7704154207064
"153","ÁREA DE PROTEÇÃO AMBIENTAL DO PICO DO GOIAPABA-AÇU","Simpson diversity",5.43396226415094,6.73170731707317,1.3966647360771,3.99429473588492,9.46911989826142
"154","ÁREA DE PROTEÇÃO AMBIENTAL DO PLANALTO CENTRAL","Species richness",217,247.015642620014,10.7955503094695,225.856752820163,268.174532419864
"155","ÁREA DE PROTEÇÃO AMBIENTAL DO PLANALTO CENTRAL","Shannon diversity",12.9709208278478,13.0995324174841,0.191606575391622,12.7239904305155,13.4750744044528
"156","ÁREA DE PROTEÇÃO AMBIENTAL DO PLANALTO CENTRAL","Simpson diversity",5.53321705040583,5.5350682873791,0.0712751672414962,5.3953715265937,5.6747650481645
"157","ÁREA DE PROTEÇÃO AMBIENTAL DO RIO CURIAÚ","Species richness",5,5.1547619047619,2.19941940666091,5,9.46554472871574
"158","ÁREA DE PROTEÇÃO AMBIENTAL DO RIO CURIAÚ","Shannon diversity",3.93157133871857,4.64754317103302,1.02633476617507,2.63596399324854,6.65912234881749
"159","ÁREA DE PROTEÇÃO AMBIENTAL DO RIO CURIAÚ","Simpson diversity",3.16129032258064,3.79166666666667,1.14006932846519,1.55717184299612,6.02616149033721
"160","AREA DE PROTEÇÃO AMBIENTAL DO RIO GUANDU","Species richness",70,109.292163235825,17.0499041254253,75.8749652101307,142.70936126152
"161","AREA DE PROTEÇÃO AMBIENTAL DO RIO GUANDU","Shannon diversity",22.3483457873948,25.7124592258611,1.94045693221934,21.9092335251602,29.5156849265621
"162","AREA DE PROTEÇÃO AMBIENTAL DO RIO GUANDU","Simpson diversity",11.0038806694155,11.2691397983319,0.928148826057352,9.45000152696632,13.0882780696974
"163","ÁREA DE PROTEÇÃO AMBIENTAL DO RIO MADEIRA","Species richness",15,22.859649122807,12.192723817217,15,46.7569486779961
"164","ÁREA DE PROTEÇÃO AMBIENTAL DO RIO MADEIRA","Shannon diversity",7.23650831974456,9.01592611139106,1.66778158498728,5.74713427073687,12.2847179520453
"165","ÁREA DE PROTEÇÃO AMBIENTAL DO RIO MADEIRA","Simpson diversity",4.55680224403927,4.86585365853659,0.976916352726605,2.95113279128422,6.78057452578896
"166","ÁREA DE PROTEÇÃO AMBIENTAL DO RIO MARANGUAPINHO","Species richness",15,43.9895833333333,23.4160837316486,15,89.8842641063388
"167","ÁREA DE PROTEÇÃO AMBIENTAL DO RIO MARANGUAPINHO","Shannon diversity",11.9086246351675,27.319451033578,11.9407876032298,3.91593738420529,50.7229646829508
"168","ÁREA DE PROTEÇÃO AMBIENTAL DO RIO MARANGUAPINHO","Simpson diversity",9,13.8,11.6612012704419,0,36.6555345065388
"169","ÁREA DE PROTEÇÃO AMBIENTAL DO RIO PARDO","Species richness",3,3.41666666666667,1.34945924864317,3,6.06155819261177
"170","ÁREA DE PROTEÇÃO AMBIENTAL DO RIO PARDO","Shannon diversity",2.74945927399721,3.50242094886821,1.36875604375197,0.819708399492816,6.18513349824361
"171","ÁREA DE PROTEÇÃO AMBIENTAL DO RIO PARDO","Simpson diversity",2.57142857142857,3.75,1.69123584388863,0.435238656615085,7.06476134338491
"172","ÁREA DE PROTEÇÃO AMBIENTAL DO RIO PRETO","Species richness",25,33.0164948453608,8.81608119907737,25,50.2956964803332
"173","ÁREA DE PROTEÇÃO AMBIENTAL DO RIO PRETO","Shannon diversity",15.0584782585711,18.1368081345851,2.02075515734437,14.1762008046166,22.0974154645536
"174","ÁREA DE PROTEÇÃO AMBIENTAL DO RIO PRETO","Simpson diversity",9.09082125603865,9.92750533049039,1.90978364854899,6.18439816107088,13.6706124999099
"175","ÁREA DE PROTEÇÃO AMBIENTAL DO TAPAJÓS","Species richness",10,11.0760869565217,4.69062342615252,10,20.2695399368205
"176","ÁREA DE PROTEÇÃO AMBIENTAL DO TAPAJÓS","Shannon diversity",8.50274898007273,10.9410569641957,2.22873337412453,6.57281981976923,15.3092941086223
"177","ÁREA DE PROTEÇÃO AMBIENTAL DO TAPAJÓS","Simpson diversity",7.24657534246576,10.12,2.39176470905425,5.43222731075975,14.8077726892403
"178","ÁREA DE PROTEÇÃO AMBIENTAL DOS PIRENEUS","Species richness",36,76.4079545454545,33.8264166297113,36,142.706512865735
"179","ÁREA DE PROTEÇÃO AMBIENTAL DOS PIRENEUS","Shannon diversity",9.98717561327524,10.8623070033851,0.817722624458584,9.25960011010271,12.4650138966675
"180","ÁREA DE PROTEÇÃO AMBIENTAL DOS PIRENEUS","Simpson diversity",6.14369129220614,6.21652935118435,0.421670651116373,5.39007006165871,7.04298864071
"181","ÁREA DE PROTEÇÃO AMBIENTAL DUNAS E VEREDAS DO BAIXO MÉDIO SÃO FRANCISCO","Species richness",25,31.3492063492063,9.3008054967541,25,49.5784501500566
"182","ÁREA DE PROTEÇÃO AMBIENTAL DUNAS E VEREDAS DO BAIXO MÉDIO SÃO FRANCISCO","Shannon diversity",13.9653869449741,15.9935102601244,1.41590696499857,13.2183836032677,18.768636916981
"183","ÁREA DE PROTEÇÃO AMBIENTAL DUNAS E VEREDAS DO BAIXO MÉDIO SÃO FRANCISCO","Simpson diversity",9.45,10.1351351351351,1.13657411423844,7.90749080546728,12.362779464803
"184","ÁREA DE PROTEÇÃO AMBIENTAL ESTADUAL DA ESCARPA DEVONIANA","Species richness",60,84.9551166965889,13.7262229896292,60,111.858019400028
"185","ÁREA DE PROTEÇÃO AMBIENTAL ESTADUAL DA ESCARPA DEVONIANA","Shannon diversity",20.808026837733,22.5855032556337,1.27817702140316,20.0803223278168,25.0906841834506
"186","ÁREA DE PROTEÇÃO AMBIENTAL ESTADUAL DA ESCARPA DEVONIANA","Simpson diversity",12.0583388394419,12.3030351183855,0.759736551389073,10.8139788399242,13.7920913968467
"187","ÁREA DE PROTEÇÃO AMBIENTAL ESTADUAL DELTA DO JACUÍ","Species richness",75,150.936830357143,32.562207040131,87.1160773013494,214.757583412936
"188","ÁREA DE PROTEÇÃO AMBIENTAL ESTADUAL DELTA DO JACUÍ","Shannon diversity",18.802999943916,21.0607068055378,1.26190314296544,18.5874220933476,23.5339915177279
"189","ÁREA DE PROTEÇÃO AMBIENTAL ESTADUAL DELTA DO JACUÍ","Simpson diversity",10.3617089624157,10.5083197389885,0.513242216063053,9.50238348015944,11.5142559978177
"190","ÁREA DE PROTEÇÃO AMBIENTAL ESTRADA PARQUE DE PIRAPUTANGA","Species richness",23,29.3479674796748,11.3268172045994,23,51.5481212601582
"191","ÁREA DE PROTEÇÃO AMBIENTAL ESTRADA PARQUE DE PIRAPUTANGA","Shannon diversity",12.2488974610911,13.9534740155277,1.60647391232841,10.8048430052609,17.1021050257945
"192","ÁREA DE PROTEÇÃO AMBIENTAL ESTRADA PARQUE DE PIRAPUTANGA","Simpson diversity",8.12950026867276,8.63406214039127,1.20672920455864,6.26891636036366,10.9992079204189
"193","ÁREA DE PROTEÇÃO AMBIENTAL FERNÃO DIAS","Species richness",65,90.9976503759399,19.2167942634843,65,128.661875030685
"194","ÁREA DE PROTEÇÃO AMBIENTAL FERNÃO DIAS","Shannon diversity",14.4839621382299,15.597948191149,0.99318672266348,13.6513379848053,17.5445583974928
"195","ÁREA DE PROTEÇÃO AMBIENTAL FERNÃO DIAS","Simpson diversity",7.63049222037381,7.70529440870853,0.457870943959673,6.80788384898021,8.60270496843684
"196","ÁREA DE PROTEÇÃO AMBIENTAL HARAS SÃO BERNARDO","Species richness",10,19.8591549295775,5.3814599470632,10,30.4066226100662
"197","ÁREA DE PROTEÇÃO AMBIENTAL HARAS SÃO BERNARDO","Shannon diversity",5.96893524513299,6.8245082218449,0.776323039839013,5.30294302339179,8.34607342029802
"198","ÁREA DE PROTEÇÃO AMBIENTAL HARAS SÃO BERNARDO","Simpson diversity",4.89893100097182,5.18789144050104,0.600755271602243,4.01043274463807,6.36535013636401
"199","ÁREA DE PROTEÇÃO AMBIENTAL IBIRAPUITÃ","Species richness",20,39.8360655737705,17.0908938888107,20,73.3336020594352
"200","ÁREA DE PROTEÇÃO AMBIENTAL IBIRAPUITÃ","Shannon diversity",12.1161321000925,16.8572493969333,3.11969006711858,10.7427692224535,22.9717295714131
"201","ÁREA DE PROTEÇÃO AMBIENTAL IBIRAPUITÃ","Simpson diversity",8.39954853273138,9.58115183246075,1.91353480807111,5.83069252547761,13.3316111394439
"202","ÁREA DE PROTEÇÃO AMBIENTAL IGARAPÉ SÃO FRANCISCO","Species richness",44,81.5177304964539,20.166975642518,44,121.044276432886
"203","ÁREA DE PROTEÇÃO AMBIENTAL IGARAPÉ SÃO FRANCISCO","Shannon diversity",24.6109099086714,33.2970267152249,5.01811339580738,23.4617051891045,43.1323482413454
"204","ÁREA DE PROTEÇÃO AMBIENTAL IGARAPÉ SÃO FRANCISCO","Simpson diversity",14.9819140919367,16.6441821247892,2.97030188831863,10.8224974004734,22.4658668491051
"205","ÁREA DE PROTEÇÃO AMBIENTAL ILHA DO BANANAL/CANTÃO","Species richness",23,38.9701492537313,14.6160053122081,23,67.6169932635054
"206","ÁREA DE PROTEÇÃO AMBIENTAL ILHA DO BANANAL/CANTÃO","Shannon diversity",5.0619099724612,5.2468847185198,0.32459665100212,4.61068697305333,5.88308246398627
"207","ÁREA DE PROTEÇÃO AMBIENTAL ILHA DO BANANAL/CANTÃO","Simpson diversity",2.90080775444265,2.91115081621051,0.1700849487171,2.57779044241265,3.24451119000836
"208","ÁREA DE PROTEÇÃO AMBIENTAL ILHAS E VÁRZEAS DO RIO PARANÁ","Species richness",102,117.377021793606,10.0621636694906,102,137.098500192355
"209","ÁREA DE PROTEÇÃO AMBIENTAL ILHAS E VÁRZEAS DO RIO PARANÁ","Shannon diversity",35.2378977218329,36.3544219824727,1.22031800790842,33.9626426372866,38.7462013276589
"210","ÁREA DE PROTEÇÃO AMBIENTAL ILHAS E VÁRZEAS DO RIO PARANÁ","Simpson diversity",19.2963265920138,19.4722628291534,0.819042337601947,17.8669693456401,21.0775563126667
"211","ÁREA DE PROTEÇÃO AMBIENTAL JALAPÃO","Species richness",10,13.9518072289157,6.30570723000104,10,26.3107662967715
"212","ÁREA DE PROTEÇÃO AMBIENTAL JALAPÃO","Shannon diversity",5.0927844296198,5.55987052055331,0.69058634493132,4.20634615627277,6.91339488483385
"213","ÁREA DE PROTEÇÃO AMBIENTAL JALAPÃO","Simpson diversity",3.91198182850653,4.05601907032182,0.486386513818927,3.10271902067073,5.00931911997291
"214","ÁREA DE PROTEÇÃO AMBIENTAL JOÃO LEITE","Species richness",41,85.0142023346304,38.6403761872826,41,160.747948010783
"215","ÁREA DE PROTEÇÃO AMBIENTAL JOÃO LEITE","Shannon diversity",8.60777520532096,9.33930558753878,0.720845829369309,7.92647372356903,10.7521374515085
"216","ÁREA DE PROTEÇÃO AMBIENTAL JOÃO LEITE","Simpson diversity",4.65576428294506,4.68918053777209,0.310050358255666,4.08149300219724,5.29686807334693
"217","ÁREA DE PROTEÇÃO AMBIENTAL LAGO DE PALMAS","Species richness",9,9.24801587301587,2.1214531902385,9,13.4059877207709
"218","ÁREA DE PROTEÇÃO AMBIENTAL LAGO DE PALMAS","Shannon diversity",4.13417466992742,4.28215326850512,0.436663512978995,3.42630850970355,5.13799802730669
"219","ÁREA DE PROTEÇÃO AMBIENTAL LAGO DE PALMAS","Simpson diversity",2.82893799002138,2.87094422165512,0.332366724958956,2.21951741107604,3.52237103223421
"220","ÁREA DE PROTEÇÃO AMBIENTAL LAGO DE SANTA ISABEL","Species richness",9,10.4375,4.3061959562566,9,18.877488984635
"221","ÁREA DE PROTEÇÃO AMBIENTAL LAGO DE SANTA ISABEL","Shannon diversity",7.18187696410416,9.01693895760782,1.84294853696213,5.40482619980127,12.6290517154144
"222","ÁREA DE PROTEÇÃO AMBIENTAL LAGO DE SANTA ISABEL","Simpson diversity",6,7.66666666666667,1.87154637831143,3.99850316977988,11.3348301635534
"223","ÁREA DE PROTEÇÃO AMBIENTAL LAGOA DE ITAPARICA","Species richness",9,11.21484375,4.57846930297764,9,20.1884786881584
"224","ÁREA DE PROTEÇÃO AMBIENTAL LAGOA DE ITAPARICA","Shannon diversity",5.04986006796997,5.52931682122583,0.677730805001674,4.20098885220921,6.85764479024245
"225","ÁREA DE PROTEÇÃO AMBIENTAL LAGOA DE ITAPARICA","Simpson diversity",4.07157057654076,4.28025477707007,0.419540015240209,3.45797145712587,5.10253809701426
"226","ÁREA DE PROTEÇÃO AMBIENTAL LAGOAS E DUNAS DO ABAETÉ","Species richness",8,27.0909090909091,8.31934263237374,10.7852971564079,43.3965210254103
"227","ÁREA DE PROTEÇÃO AMBIENTAL LAGOAS E DUNAS DO ABAETÉ","Shannon diversity",6.64449194422446,19.5657246825422,8.32520951137592,3.24861387649506,35.8828354885893
"228","ÁREA DE PROTEÇÃO AMBIENTAL LAGOAS E DUNAS DO ABAETÉ","Simpson diversity",5.26086956521739,9.16666666666666,10.060440096632,0,28.884766924688
"229","ÁREA DE PROTEÇÃO AMBIENTAL LAJEDÃO","Species richness",3,3,0.415878041563324,3,3.81510598342517
"230","ÁREA DE PROTEÇÃO AMBIENTAL LAJEDÃO","Shannon diversity",2.95115178586752,3.37993724534686,0.398747927785932,2.59840566797646,4.16146882271727
"231","ÁREA DE PROTEÇÃO AMBIENTAL LAJEDÃO","Simpson diversity",2.90909090909091,4,0.702362139894743,2.62339550170182,5.37660449829818
"232","ÁREA DE PROTEÇÃO AMBIENTAL MARGEM ESQUERDA DO RIO NEGRO-SETOR TARUMÃ AÇU-TARUMÃ MIRIMA","Species richness",9,11.5333333333333,4.95703893902216,9,21.2489511237794
"233","ÁREA DE PROTEÇÃO AMBIENTAL MARGEM ESQUERDA DO RIO NEGRO-SETOR TARUMÃ AÇU-TARUMÃ MIRIMA","Shannon diversity",7.26500629255858,9.90565333134841,2.31805943372378,5.3623403272265,14.4489663354703
"234","ÁREA DE PROTEÇÃO AMBIENTAL MARGEM ESQUERDA DO RIO NEGRO-SETOR TARUMÃ AÇU-TARUMÃ MIRIMA","Simpson diversity",6.06060606060606,8.2608695652174,2.10872628907044,4.12784198538654,12.3938971450483
"235","ÁREA DE PROTEÇÃO AMBIENTAL NHAMUNDÁ","Species richness",6,15.2857142857143,4.82158751385889,6,24.7358521611857
"236","ÁREA DE PROTEÇÃO AMBIENTAL NHAMUNDÁ","Shannon diversity",3.40946645966844,5.77033440339481,1.9613140657852,1.926229472084,9.61443933470562
"237","ÁREA DE PROTEÇÃO AMBIENTAL NHAMUNDÁ","Simpson diversity",2.27906976744186,2.52777777777778,1.14375006812258,0.286068836942285,4.76948671861327
"238","ÁREA DE PROTEÇÃO AMBIENTAL PARQUE FERNÃO DIAS","Species richness",9,25.9411764705882,8.97597844479981,9,43.5337709484037
"239","ÁREA DE PROTEÇÃO AMBIENTAL PARQUE FERNÃO DIAS","Shannon diversity",7.04357332900725,13.7167119541497,4.79825971267541,4.31229572883639,23.121128179463
"240","ÁREA DE PROTEÇÃO AMBIENTAL PARQUE FERNÃO DIAS","Simpson diversity",5.66666666666667,7.99999999999999,3.36686073388584,1.40107422062165,14.5989257793783
"241","ÁREA DE PROTEÇÃO AMBIENTAL PAYTUNA","Species richness",5,6.92857142857143,1.79355148877817,5,10.4438677509948
"242","ÁREA DE PROTEÇÃO AMBIENTAL PAYTUNA","Shannon diversity",4.71065067421325,7.92408312565239,1.87223695135198,4.25456613047745,11.5936001208273
"243","ÁREA DE PROTEÇÃO AMBIENTAL PAYTUNA","Simpson diversity",4.45454545454546,10.5,2.70949000941342,5.18949716507861,15.8105028349214
"244","ÁREA DE PROTEÇÃO AMBIENTAL POUSO ALTO","Species richness",94,154.149063779988,17.8291657874513,119.20454096219,189.093586597787
"245","ÁREA DE PROTEÇÃO AMBIENTAL POUSO ALTO","Shannon diversity",6.98366102049952,7.15122985581764,0.201454002510264,6.75638726635608,7.5460724452792
"246","ÁREA DE PROTEÇÃO AMBIENTAL POUSO ALTO","Simpson diversity",4.06441288146301,4.06806117501504,0.070995576683011,3.92891240165469,4.20720994837539
"247","ÁREA DE PROTEÇÃO AMBIENTAL RONCADOR","Species richness",8,10.4615384615385,4.51546864121409,8,19.3116943716381
"248","ÁREA DE PROTEÇÃO AMBIENTAL RONCADOR","Shannon diversity",7.32658388348851,11.3265091063065,2.78259128666275,5.87273040075256,16.7802878118605
"249","ÁREA DE PROTEÇÃO AMBIENTAL RONCADOR","Simpson diversity",6.76,13,3.11381381462837,6.89703706876511,19.1029629312349
"250","ÁREA DE PROTEÇÃO AMBIENTAL ROTA DO SOL","Species richness",33,59.6896551724138,23.3342585322428,33,105.423961501556
"251","ÁREA DE PROTEÇÃO AMBIENTAL ROTA DO SOL","Shannon diversity",22.9697392183765,33.0516132922763,4.31811017377685,24.5882728703976,41.5149537141549
"252","ÁREA DE PROTEÇÃO AMBIENTAL ROTA DO SOL","Simpson diversity",17.4803695150115,21.6242774566474,2.92748051645459,15.8865210789536,27.3620338343411
"253","ÁREA DE PROTEÇÃO AMBIENTAL SERRA DA MANTIQUEIRA","Species richness",141,183.465905420682,20.5788157761863,143.132167654872,223.799643186491
"254","ÁREA DE PROTEÇÃO AMBIENTAL SERRA DA MANTIQUEIRA","Shannon diversity",16.1624928586706,16.7486520805281,0.566764192849128,15.6378146748169,17.8594894862393
"255","ÁREA DE PROTEÇÃO AMBIENTAL SERRA DA MANTIQUEIRA","Simpson diversity",7.35917039813322,7.37558713435078,0.196545597883655,6.99036484117893,7.76080942752264
"256","ÁREA DE PROTEÇÃO AMBIENTAL SERRA DA MERUOCA","Species richness",15,30.6595744680851,15.1415289081327,15,60.3364257988972
"257","ÁREA DE PROTEÇÃO AMBIENTAL SERRA DA MERUOCA","Shannon diversity",9.77839651870026,13.4804781858431,3.40631809230813,6.80421740503203,20.1567389666543
"258","ÁREA DE PROTEÇÃO AMBIENTAL SERRA DA MERUOCA","Simpson diversity",7.38795986622073,8.57936507936509,1.77641455752693,5.09765652499964,12.0610736337305
"259","ÁREA DE PROTEÇÃO AMBIENTAL SERRA DO BARBADO","Species richness",14,14.987012987013,2.20027633205793,14,19.2994753538824
"260","ÁREA DE PROTEÇÃO AMBIENTAL SERRA DO BARBADO","Shannon diversity",11.190705085059,12.349665610079,0.923864780161469,10.5389239143776,14.1604073057805
"261","ÁREA DE PROTEÇÃO AMBIENTAL SERRA DO BARBADO","Simpson diversity",9.5475040257649,10.7573529411765,1.1734002323146,8.45753074638893,13.057175135964
"262","ÁREA DE PROTEÇÃO AMBIENTAL SERRA DO ITAPETI","Species richness",22,36.1784615384615,21.9825774388046,22,79.2635216058813
"263","ÁREA DE PROTEÇÃO AMBIENTAL SERRA DO ITAPETI","Shannon diversity",10.4499306712227,14.1581830746955,3.11000363846577,8.06268795151405,20.2536781978769
"264","ÁREA DE PROTEÇÃO AMBIENTAL SERRA DO ITAPETI","Simpson diversity",5.08423586040915,5.43080939947781,1.48517769411508,2.51991460837002,8.34170419058561
"265","ÁREA DE PROTEÇÃO AMBIENTAL SERRA DO SABONETAL","Species richness",13,24.9512195121951,11.1224315326896,13,46.7507847367793
"266","ÁREA DE PROTEÇÃO AMBIENTAL SERRA DO SABONETAL","Shannon diversity",7.37020032958703,10.0213333685195,2.31213712183922,5.48962788239649,14.5530388546424
"267","ÁREA DE PROTEÇÃO AMBIENTAL SERRA DO SABONETAL","Simpson diversity",4.76203966005666,5.25641025641026,1.2817593751016,2.74420804436456,7.76861246845596
"268","ÁREA DE PROTEÇÃO AMBIENTAL SERRA GERAL DE GOIÁS","Species richness",12,18.2250996015936,8.20020956890519,12,34.2972150223285
"269","ÁREA DE PROTEÇÃO AMBIENTAL SERRA GERAL DE GOIÁS","Shannon diversity",2.87310389213628,2.98352165863446,0.238218833727436,2.51662132408955,3.45042199317937
"270","ÁREA DE PROTEÇÃO AMBIENTAL SERRA GERAL DE GOIÁS","Simpson diversity",1.94730009581801,1.95470687184599,0.124377254469982,1.71093193258885,2.19848181110313
"271","ÁREA DE PROTEÇÃO AMBIENTAL SERRA SÃO JOSÉ","Species richness",34,137.546626984127,79.7126132921886,34,293.780478150385
"272","ÁREA DE PROTEÇÃO AMBIENTAL SERRA SÃO JOSÉ","Shannon diversity",10.4884726590803,14.357560132894,2.14683290866381,10.1498449510876,18.5652753147005
"273","ÁREA DE PROTEÇÃO AMBIENTAL SERRA SÃO JOSÉ","Simpson diversity",6.54242002781641,6.76700434153402,0.535869884855409,5.71671866681779,7.81729001625025
"274","ÁREA DE PROTEÇÃO AMBIENTAL SUL-RMBH","Species richness",116,174.081335577492,19.3830909770939,136.091175353324,212.071495801659
"275","ÁREA DE PROTEÇÃO AMBIENTAL SUL-RMBH","Shannon diversity",24.7757505253026,26.8929604966508,1.42089451347928,24.1080584244009,29.6778625689007
"276","ÁREA DE PROTEÇÃO AMBIENTAL SUL-RMBH","Simpson diversity",10.7281593857941,10.8192069372765,0.536491160909496,9.76770358386984,11.8707102906832
"277","ÁREA DE RELEVANTE INTERESSE ECOLÓGICO CRULS","Species richness",29,32.9885386819484,8.83058401917337,29,50.2961653219832
"278","ÁREA DE RELEVANTE INTERESSE ECOLÓGICO CRULS","Shannon diversity",7.75464549246456,8.16496718360809,0.586292679521718,7.01585464734604,9.31407971987014
"279","ÁREA DE RELEVANTE INTERESSE ECOLÓGICO CRULS","Simpson diversity",4.37267994973972,4.41547298771177,0.281415709520579,3.86390833236765,4.96703764305589
"280","ÁREA DE RELEVANTE INTERESSE ECOLÓGICO DA GRANJA DO IPÊ","Species richness",20,22.5478374836173,7.00727403698727,20,36.2818422259149
"281","ÁREA DE RELEVANTE INTERESSE ECOLÓGICO DA GRANJA DO IPÊ","Shannon diversity",8.02231183892127,8.97823055017841,1.2643975351264,6.50005691918945,11.4564041811674
"282","ÁREA DE RELEVANTE INTERESSE ECOLÓGICO DA GRANJA DO IPÊ","Simpson diversity",4.27835794022326,4.41229385307347,0.769189149720878,2.90471082232156,5.91987688382538
"283","ÁREA DE RELEVANTE INTERESSE ECOLÓGICO DE SÃO DOMINGOS","Species richness",1,1,0,1,1
"284","ÁREA DE RELEVANTE INTERESSE ECOLÓGICO DE SÃO DOMINGOS","Shannon diversity",1,1,0,1,1
"285","ÁREA DE RELEVANTE INTERESSE ECOLÓGICO DE SÃO DOMINGOS","Simpson diversity",1,1,0,1,1
"286","ÁREA DE RELEVANTE INTERESSE ECOLÓGICO FAZENDA RAPOSA","Species richness",1,1,0,1,1
"287","ÁREA DE RELEVANTE INTERESSE ECOLÓGICO FAZENDA RAPOSA","Shannon diversity",1,1,0,1,1
"288","ÁREA DE RELEVANTE INTERESSE ECOLÓGICO FAZENDA RAPOSA","Simpson diversity",1,Inf,NA,NA,NA
"289","ÁREA DE RELEVANTE INTERESSE ECOLÓGICO FLORESTA DA CICUTA","Species richness",2,2.33333333333333,1.07028007494897,2,4.43104373360414
"290","ÁREA DE RELEVANTE INTERESSE ECOLÓGICO FLORESTA DA CICUTA","Shannon diversity",1.88988157484231,2.51984209978993,1.62910987811018,0,5.71283878774433
"291","ÁREA DE RELEVANTE INTERESSE ECOLÓGICO FLORESTA DA CICUTA","Simpson diversity",1.8,3,NA,NA,NA
"292","ÁREA DE RELEVANTE INTERESSE ECOLÓGICO ILHA AMEIXAL","Species richness",2,2,0.46882617226215,2,2.91888241264359
"293","ÁREA DE RELEVANTE INTERESSE ECOLÓGICO ILHA AMEIXAL","Shannon diversity",1.75476535060332,2.03060409663475,0.536623951094327,0.978840479248283,3.08236771402121
"294","ÁREA DE RELEVANTE INTERESSE ECOLÓGICO ILHA AMEIXAL","Simpson diversity",1.6,2,0.739847104051734,0.549926321992344,3.45007367800766
"295","ÁREA DE RELEVANTE INTERESSE ECOLÓGICO JAPIIM PENTECOSTE","Species richness",7,14.3333333333333,6.9383693302793,7,27.9322873321181
"296","ÁREA DE RELEVANTE INTERESSE ECOLÓGICO JAPIIM PENTECOSTE","Shannon diversity",6.17232737686821,11.0238172620834,4.62247291584022,1.96393682752473,20.0836976966421
"297","ÁREA DE RELEVANTE INTERESSE ECOLÓGICO JAPIIM PENTECOSTE","Simpson diversity",5.53846153846154,9.42857142857141,3.4636967673199,2.63985051125659,16.2172923458862
"298","ÁREA DE RELEVANTE INTERESSE ECOLÓGICO LEOPOLDO MAGNO COUTINHO","Species richness",27,69.6050096339114,40.0365477450647,27,148.075201279556
"299","ÁREA DE RELEVANTE INTERESSE ECOLÓGICO LEOPOLDO MAGNO COUTINHO","Shannon diversity",3.45476388549351,3.6171846161026,0.217166421022921,3.19154625224621,4.04282297995899
"300","ÁREA DE RELEVANTE INTERESSE ECOLÓGICO LEOPOLDO MAGNO COUTINHO","Simpson diversity",2.15527810533707,2.15888753442594,0.0952314955520408,1.97223723295005,2.34553783590182
"301","ÁREA DE RELEVANTE INTERESSE ECOLÓGICO MATA DE SANTA GENEBRA","Species richness",37,70.1337325349301,42.4138700466533,37,153.263390271333
"302","ÁREA DE RELEVANTE INTERESSE ECOLÓGICO MATA DE SANTA GENEBRA","Shannon diversity",13.7589431530428,17.1165577020855,1.8816258710674,13.4286387624146,20.8044766417564
"303","ÁREA DE RELEVANTE INTERESSE ECOLÓGICO MATA DE SANTA GENEBRA","Simpson diversity",6.65767486273574,6.89259075087022,0.94242930227355,5.04546326043885,8.73971824130159
"304","ÁREA DE RELEVANTE INTERESSE ECOLÓGICO NASCENTE DO RIO DE CONTAS","Species richness",3,3,0.266983629092375,3,3.52327829748286
"305","ÁREA DE RELEVANTE INTERESSE ECOLÓGICO NASCENTE DO RIO DE CONTAS","Shannon diversity",2.74587492806343,2.97925186406797,0.351860347816629,2.28961825475964,3.6688854733763
"306","ÁREA DE RELEVANTE INTERESSE ECOLÓGICO NASCENTE DO RIO DE CONTAS","Simpson diversity",2.52238805970149,2.88888888888889,0.511754470440528,1.88586855789808,3.89190921987969
"307","ÁREA DE RELEVANTE INTERESSE ECOLÓGICO SERRA DO OROBÓ","Species richness",10,40.2222222222222,15.6132077039791,10,70.8235470051646
"308","ÁREA DE RELEVANTE INTERESSE ECOLÓGICO SERRA DO OROBÓ","Shannon diversity",6.61380521524019,15.8197450049993,7.20450673284752,1.69917128224183,29.9403187277568
"309","ÁREA DE RELEVANTE INTERESSE ECOLÓGICO SERRA DO OROBÓ","Simpson diversity",4.26315789473684,5.27586206896552,2.71939722614324,0,10.6057826918644
"310","ARIE DO BOSQUE","Species richness",22,77.4898648648649,46.8352864616511,22,169.285339535317
"311","ARIE DO BOSQUE","Shannon diversity",10.6855249216452,16.2865461702451,4.67870642796405,7.11645007719951,25.4566422632907
"312","ARIE DO BOSQUE","Simpson diversity",6.86215538847118,7.46132596685082,1.32074613722425,4.87271110517089,10.0499408285308
"313","ARIE DO CÓRREGO CABECEIRA DO VALO","Species richness",1,1,0,1,1
"314","ARIE DO CÓRREGO CABECEIRA DO VALO","Shannon diversity",1,1,0,1,1
"315","ARIE DO CÓRREGO CABECEIRA DO VALO","Simpson diversity",1,Inf,NA,NA,NA
"316","ARIE DO CÓRREGO MATO GRANDE","Species richness",12,12.87,4.24800138747206,12,21.1959297257214
"317","ARIE DO CÓRREGO MATO GRANDE","Shannon diversity",10.3011619799959,12.887140236053,1.89141660979428,9.18003180109535,16.5942486710106
"318","ARIE DO CÓRREGO MATO GRANDE","Simpson diversity",9,12.4285714285714,2.16605519240984,8.18318126292218,16.6739615942207
"319","ARIE DOM BOSCO","Species richness",17,51.7142857142857,37.0134412290735,17,124.25929746716
"320","ARIE DOM BOSCO","Shannon diversity",13.8742325455714,31.2956160401015,16.4860981095445,0,63.6077745804027
"321","ARIE DOM BOSCO","Simpson diversity",11.2,18,8.55457748815178,1.23333622026538,34.7666637797346
"322","ARIE PARQUE JK","Species richness",26,39.9136546184739,16.3619554924749,26,71.982498100372
"323","ARIE PARQUE JK","Shannon diversity",16.2983872258177,21.2352565150026,2.57523336047472,16.1878918766861,26.2826211533191
"324","ARIE PARQUE JK","Simpson diversity",11.7760683760684,13.5577689243028,1.94094350346418,9.75358956148603,17.3619482871196
"325","ESTAÇÃO ECOLÓGICA CHAPADA DE NOVA ROMA","Species richness",1,1,0,1,1
"326","ESTAÇÃO ECOLÓGICA CHAPADA DE NOVA ROMA","Shannon diversity",1,1,0,1,1
"327","ESTAÇÃO ECOLÓGICA CHAPADA DE NOVA ROMA","Simpson diversity",1,Inf,NA,NA,NA
"328","ESTAÇÃO ECOLÓGICA CHAÚAS","Species richness",3,3.41666666666667,1.20014817407295,3,5.76891386396116
"329","ESTAÇÃO ECOLÓGICA CHAÚAS","Shannon diversity",2.74945927399721,3.50242094886821,1.25776130421787,1.03725409145306,5.96758780628337
"330","ESTAÇÃO ECOLÓGICA CHAÚAS","Simpson diversity",2.57142857142857,3.75,1.63196476147127,0.551407843477809,6.94859215652219
"331","ESTAÇÃO ECOLÓGICA DE ANGATUBA","Species richness",9,35.4444444444444,14.4435314171928,9,63.753245831715
"332","ESTAÇÃO ECOLÓGICA DE ANGATUBA","Shannon diversity",5.00860692397282,11.1847694991181,6.19154555216155,0,23.3199757899939
"333","ESTAÇÃO ECOLÓGICA DE ANGATUBA","Simpson diversity",3,3.4,1.56504330955512,0.332571479026599,6.4674285209734
"334","ESTAÇÃO ECOLÓGICA DE ARACURI-ESMERALDA","Species richness",3,5,1.46617683892764,3,7.87365379926496
"335","ESTAÇÃO ECOLÓGICA DE ARACURI-ESMERALDA","Shannon diversity",3,7.18415315375698,2.45671195499156,2.36908620158453,11.9992201059294
"336","ESTAÇÃO ECOLÓGICA DE ARACURI-ESMERALDA","Simpson diversity",3,Inf,NA,NA,NA
"337","ESTAÇÃO ECOLÓGICA DE BAURU","Species richness",2,2.5,0.684072032358103,2,3.840756546253
"338","ESTAÇÃO ECOLÓGICA DE BAURU","Shannon diversity",2,3.37500000000171,1.08311405123444,1.25213546843293,5.49786453157049
"339","ESTAÇÃO ECOLÓGICA DE BAURU","Simpson diversity",2,Inf,NA,NA,NA
"340","ESTAÇÃO ECOLÓGICA DE CAETÉS","Species richness",21,57.4864864864865,25.5581616952031,21,107.579562920136
"341","ESTAÇÃO ECOLÓGICA DE CAETÉS","Shannon diversity",15.6541841981304,32.3785438103824,9.45498749502424,13.8471088458583,50.9099787749065
"342","ESTAÇÃO ECOLÓGICA DE CAETÉS","Simpson diversity",11.3140495867769,15.8571428571429,5.73146973288205,4.62366860221265,27.0906171120731
"343","ESTAÇÃO ECOLÓGICA DE CORUMBÁ","Species richness",2,2,0.490207130000197,2,2.96078831976513
"344","ESTAÇÃO ECOLÓGICA DE CORUMBÁ","Shannon diversity",1.5691925832142,1.72844510689673,0.458386473247907,0.830024128330499,2.62686608546296
"345","ESTAÇÃO ECOLÓGICA DE CORUMBÁ","Simpson diversity",1.38461538461538,1.5,0.500224645473392,0.519577710692834,2.48042228930717
"346","ESTAÇÃO ECOLÓGICA DE ITAPEVA","Species richness",1,1,0,1,1
"347","ESTAÇÃO ECOLÓGICA DE ITAPEVA","Shannon diversity",1,1,0,1,1
"348","ESTAÇÃO ECOLÓGICA DE ITAPEVA","Simpson diversity",1,Inf,NA,NA,NA
"349","ESTAÇÃO ECOLÓGICA DE ITIRAPINA","Species richness",16,22.0262096774194,13.6657512787961,16,48.810590005542
"350","ESTAÇÃO ECOLÓGICA DE ITIRAPINA","Shannon diversity",8.73597109221764,10.6099730543865,2.31665645395737,6.0694098400778,15.1505362686952
"351","ESTAÇÃO ECOLÓGICA DE ITIRAPINA","Simpson diversity",5.75449101796407,6.24092409240922,1.33518961706101,3.62400053043782,8.85784765438062
"352","ESTAÇÃO ECOLÓGICA DE MARACÁ","Species richness",9,9.65333333333333,2.21992100444887,9,14.0042985505771
"353","ESTAÇÃO ECOLÓGICA DE MARACÁ","Shannon diversity",4.26466161282956,4.69994856085279,0.858681438896998,3.01696386642164,6.38293325528393
"354","ESTAÇÃO ECOLÓGICA DE MARACÁ","Simpson diversity",2.59336099585062,2.68052516411379,0.669908274946952,1.3675290722724,3.99352125595517
"355","ESTAÇÃO ECOLÓGICA DE MURICI","Species richness",26,51.1586206896552,24.1682150572957,26,98.5274517725733
"356","ESTAÇÃO ECOLÓGICA DE MURICI","Shannon diversity",17.387717870662,27.6212019414228,5.80645050357329,16.2407680764047,39.0016358064409
"357","ESTAÇÃO ECOLÓGICA DE MURICI","Simpson diversity",11.7622377622378,14.5,3.37543302755717,7.88427283376093,21.115727166239
"358","ESTAÇÃO ECOLÓGICA DE PIRAPITINGA","Species richness",4,7.6,3.35948769543179,4,14.1844748895518
"359","ESTAÇÃO ECOLÓGICA DE PIRAPITINGA","Shannon diversity",3.789291416276,8.18179988340218,4.89687060981604,0,17.7794899155943
"360","ESTAÇÃO ECOLÓGICA DE PIRAPITINGA","Simpson diversity",3.57142857142857,10,NA,NA,NA
"361","ESTAÇÃO ECOLÓGICA DE RIBEIRÃO PRETO","Species richness",13,16.5604395604396,8.11134568372022,13,32.4583849666856
"362","ESTAÇÃO ECOLÓGICA DE RIBEIRÃO PRETO","Shannon diversity",3.10174658034142,3.42989782044406,0.58424817089286,2.28479244746065,4.57500319342747
"363","ESTAÇÃO ECOLÓGICA DE RIBEIRÃO PRETO","Simpson diversity",1.76228984890402,1.77734375,0.202577104231066,1.38029992161469,2.1743875783853
"364","ESTAÇÃO ECOLÓGICA DE SANTA BÁRBARA","Species richness",10,11.9444444444444,4.72845656884337,10,21.2120490218393
"365","ESTAÇÃO ECOLÓGICA DE SANTA BÁRBARA","Shannon diversity",5.21711061724665,6.23399276898701,1.19179294332651,3.89812152303806,8.56986401493596
"366","ESTAÇÃO ECOLÓGICA DE SANTA BÁRBARA","Simpson diversity",3.19211822660098,3.4054054054054,0.848703380704223,1.74197734566774,5.06883346514307
"367","ESTAÇÃO ECOLÓGICA DE SANTA MARIA","Species richness",4,4.92857142857143,1.23919396385956,4,7.35734696759559
"368","ESTAÇÃO ECOLÓGICA DE SANTA MARIA","Shannon diversity",2.69430125621825,3.19238546486484,0.699311871187201,1.82175938337662,4.56301154635307
"369","ESTAÇÃO ECOLÓGICA DE SANTA MARIA","Simpson diversity",2.1304347826087,2.33333333333333,0.634870152809763,1.08901069896676,3.57765596769991
"370","ESTAÇÃO ECOLÓGICA DE XITUÉ","Species richness",35,39.9953617810761,10.2796451983936,35,60.1430961437776
"371","ESTAÇÃO ECOLÓGICA DE XITUÉ","Shannon diversity",3.56675285618765,3.64032195822784,0.156564105570436,3.33346195003806,3.94718196641762
"372","ESTAÇÃO ECOLÓGICA DE XITUÉ","Simpson diversity",2.47050069730263,2.47387845030748,0.0489942770336396,2.37785143187297,2.56990546874199
"373","ESTAÇÃO ECOLÓGICA DO BARREIRO RICO","Species richness",6,7.98095238095238,2.73846419330694,6,13.3482435727865
"374","ESTAÇÃO ECOLÓGICA DO BARREIRO RICO","Shannon diversity",2.89332525950582,3.00272042478551,0.246780108550329,2.51904029992598,3.48640054964504
"375","ESTAÇÃO ECOLÓGICA DO BARREIRO RICO","Simpson diversity",2.45490981963928,2.48974008207934,0.129284979708813,2.23634617810807,2.7431339860506
"376","ESTAÇÃO ECOLÓGICA DO CASTANHÃO","Species richness",1,1,0,1,1
"377","ESTAÇÃO ECOLÓGICA DO CASTANHÃO","Shannon diversity",1,1,0,1,1
"378","ESTAÇÃO ECOLÓGICA DO CASTANHÃO","Simpson diversity",1,Inf,NA,NA,NA
"379","ESTAÇÃO ECOLÓGICA DO GRÃO PARÁ","Species richness",10,27.2173913043478,14.4157401031779,10,55.4717227170662
"380","ESTAÇÃO ECOLÓGICA DO GRÃO PARÁ","Shannon diversity",6.88154030002342,11.543903067993,5.78549025507319,0.204550535142122,22.8832556008439
"381","ESTAÇÃO ECOLÓGICA DO GRÃO PARÁ","Simpson diversity",4.85321100917431,5.88372093023256,2.50635674847006,0.97135197082233,10.7960898896428
"382","ESTAÇÃO ECOLÓGICA DO PAU BRASIL","Species richness",3,5,1.4518999511032,3,7.84567161331773
"383","ESTAÇÃO ECOLÓGICA DO PAU BRASIL","Shannon diversity",3,7.18415315375698,2.43346526092449,2.41464888471561,11.9536574227984
"384","ESTAÇÃO ECOLÓGICA DO PAU BRASIL","Simpson diversity",3,Inf,NA,NA,NA
"385","ESTAÇÃO ECOLÓGICA DO RIO PRETO","Species richness",1,1,0,1,1
"386","ESTAÇÃO ECOLÓGICA DO RIO PRETO","Shannon diversity",1,1,0,1,1
"387","ESTAÇÃO ECOLÓGICA DO RIO PRETO","Simpson diversity",1,Inf,NA,NA,NA
"388","ESTAÇÃO ECOLÓGICA DO SERIDÓ","Species richness",11,11.0989898989899,2.44148138947936,11,15.8842054912942
"389","ESTAÇÃO ECOLÓGICA DO SERIDÓ","Shannon diversity",6.96281467486734,7.35287127434058,0.696631639388227,5.98749835064856,8.7182441980326
"390","ESTAÇÃO ECOLÓGICA DO SERIDÓ","Simpson diversity",5.76190476190476,6.05617977528091,0.567853122983078,4.94320810572548,7.16915144483634
"391","ESTAÇÃO ECOLÓGICA DO TAIM","Species richness",24,39.0068359375,18.2131713042381,24,74.7039957380652
"392","ESTAÇÃO ECOLÓGICA DO TAIM","Shannon diversity",10.0402872283158,11.8028313012479,1.55674002911069,8.75167691089909,14.8539856915967
"393","ESTAÇÃO ECOLÓGICA DO TAIM","Simpson diversity",5.83475783475784,6.06567164179104,0.806351924572091,4.48525091076518,7.64609237281689
"394","ESTAÇÃO ECOLÓGICA DO TRIPUÍ","Species richness",5,13,3.63685900666268,5.87188733009104,20.128112669909
"395","ESTAÇÃO ECOLÓGICA DO TRIPUÍ","Shannon diversity",5,18.5639518427438,5.9662204228417,6.87037469014679,30.2575289953409
"396","ESTAÇÃO ECOLÓGICA DO TRIPUÍ","Simpson diversity",5,Inf,NA,NA,NA
"397","ESTAÇÃO ECOLÓGICA DOS CAETETUS","Species richness",19,49.1345419847328,29.2544003708273,19,106.47211310087
"398","ESTAÇÃO ECOLÓGICA DOS CAETETUS","Shannon diversity",2.92381247285005,3.18131262311562,0.396816935887071,2.40356572032142,3.95905952590982
"399","ESTAÇÃO ECOLÓGICA DOS CAETETUS","Simpson diversity",1.66216281660129,1.66639048640219,0.113088041045417,1.44474199887098,1.88803897393339
"400","ESTAÇÃO ECOLÓGICA FERNANDES PINHEIRO","Species richness",3,5,1.42190653061943,3,7.78688558939638
"401","ESTAÇÃO ECOLÓGICA FERNANDES PINHEIRO","Shannon diversity",3,7.18415315375698,2.40225910802052,2.47581182050344,11.8924944870105
"402","ESTAÇÃO ECOLÓGICA FERNANDES PINHEIRO","Simpson diversity",3,Inf,NA,NA,NA
"403","ESTAÇÃO ECOLÓGICA IBICATU","Species richness",9,14.8604651162791,4.85257035748646,9,24.3713282493992
"404","ESTAÇÃO ECOLÓGICA IBICATU","Shannon diversity",4.77274486604498,5.67897105327013,1.17164067834893,3.38259752088416,7.97534458565611
"405","ESTAÇÃO ECOLÓGICA IBICATU","Simpson diversity",3.19343696027634,3.36940298507462,0.801150551363495,1.79917675820776,4.93962921194148
"406","ESTAÇÃO ECOLÓGICA ITABERÁ","Species richness",2,2,0.482418151324422,2,2.94552220208426
"407","ESTAÇÃO ECOLÓGICA ITABERÁ","Shannon diversity",1.26338125030273,1.30981946151317,0.227104774429633,0.864702282913997,1.75493664011235
"408","ESTAÇÃO ECOLÓGICA ITABERÁ","Simpson diversity",1.13274336283186,1.14285714285714,0.153203432395076,0.842583933054876,1.44313035265941
"409","ESTAÇÃO ECOLÓGICA JATAÍ","Species richness",36,42.7105263157895,7.95132150538167,36,58.2948300958363
"410","ESTAÇÃO ECOLÓGICA JATAÍ","Shannon diversity",24.7098248171328,28.2923182847548,2.29301649038785,23.7980885476382,32.7865480218714
"411","ESTAÇÃO ECOLÓGICA JATAÍ","Simpson diversity",18.7322229340167,20.9136690647482,2.10281465549753,16.7922280738101,25.0351100556864
"412","ESTAÇÃO ECOLÓGICA MICO LEÃO PRETO","Species richness",4,4.22727272727273,2.16360253900659,4,8.46785578058507
"413","ESTAÇÃO ECOLÓGICA MICO LEÃO PRETO","Shannon diversity",3.21722248732634,3.80890979708824,1.20014511052024,1.45666860424672,6.16115098992975
"414","ESTAÇÃO ECOLÓGICA MICO LEÃO PRETO","Simpson diversity",2.68888888888889,3.23529411764706,1.23207754390059,0.820466505441334,5.65012172985278
"415","ESTAÇÃO ECOLÓGICA RASO DA CATARINA","Species richness",10,27.1818181818182,10.5537096767628,10,47.8667090515652
"416","ESTAÇÃO ECOLÓGICA RASO DA CATARINA","Shannon diversity",7.72462181527329,13.2571480273754,4.31900971159174,4.7920445437769,21.7222515109739
"417","ESTAÇÃO ECOLÓGICA RASO DA CATARINA","Simpson diversity",6.36842105263158,8.55555555555557,2.72490603674621,3.21483786227722,13.8962732488339
"418","ESTAÇÃO ECOLÓGICA SAMUEL","Species richness",3,4.5,2.21502559439804,3,8.84137038985458
"419","ESTAÇÃO ECOLÓGICA SAMUEL","Shannon diversity",2.82842712474619,4.89130913071361,3.42102668850623,0,11.5963982303361
"420","ESTAÇÃO ECOLÓGICA SAMUEL","Simpson diversity",2.66666666666667,6,NA,NA,NA
"421","ESTAÇÃO ECOLÓGICA SERRA DA CANOA","Species richness",1,1,0,1,1
"422","ESTAÇÃO ECOLÓGICA SERRA DA CANOA","Shannon diversity",1,1,0,1,1
"423","ESTAÇÃO ECOLÓGICA SERRA DA CANOA","Simpson diversity",1,Inf,NA,NA,NA
"424","ESTAÇÃO ECOLÓGICA SOLDADO DA BORRACHA","Species richness",3,3.2,1.91934753223457,3,6.9618520369956
"425","ESTAÇÃO ECOLÓGICA SOLDADO DA BORRACHA","Shannon diversity",2.87174588749259,3.73620719468251,2.08968624238106,0,7.83191696873823
"426","ESTAÇÃO ECOLÓGICA SOLDADO DA BORRACHA","Simpson diversity",2.77777777777778,5,2.74220607611114,0,10.3746251473647
"427","ESTAÇÃO ECOLÓGICA WENCESLAU GUIMARÃES","Species richness",5,5,0.918550409874171,5,6.80032572133788
"428","ESTAÇÃO ECOLÓGICA WENCESLAU GUIMARÃES","Shannon diversity",4.09920261749164,4.58821718993837,0.698804123249792,3.21858627612069,5.95784810375605
"429","ESTAÇÃO ECOLÓGICA WENCESLAU GUIMARÃES","Simpson diversity",3.37383177570094,3.88636363636364,0.995332034016235,1.93554869703282,5.83717857569445
"430","FLORESTA ESTADUAL DE TAPAUÁ","Species richness",7,9.4,6.07093389717253,7,21.2988117909815
"431","FLORESTA ESTADUAL DE TAPAUÁ","Shannon diversity",6.59753955386447,10.995445534099,5.69936041942047,0,22.1659866910762
"432","FLORESTA ESTADUAL DE TAPAUÁ","Simpson diversity",6.25,15,7.19170730775446,0.904512689447746,29.0954873105522
"433","FLORESTA ESTADUAL DO AMAPÁ","Species richness",24,40.4473684210526,15.5456644537686,24,70.9163108661837
"434","FLORESTA ESTADUAL DO AMAPÁ","Shannon diversity",17.4352884742252,22.9316258580183,3.0513924514377,16.951006550503,28.9122451655336
"435","FLORESTA ESTADUAL DO AMAPÁ","Simpson diversity",13.6872037914692,16.4739884393064,2.33579826538003,11.8959079640104,21.0520689146024
"436","FLORESTA ESTADUAL DO ARAGUAIA","Species richness",28,36.8732394366197,17.7210209517381,28,71.605802271306
"437","FLORESTA ESTADUAL DO ARAGUAIA","Shannon diversity",19.4021013686402,25.9798263178448,3.44890415882098,19.2200983804252,32.7395542552643
"438","FLORESTA ESTADUAL DO ARAGUAIA","Simpson diversity",12.7620253164557,15.3395061728395,3.23570324464925,8.99764434866757,21.6813679970114
"439","FLORESTA ESTADUAL DO PARU","Species richness",10,22.0689655172414,8.08577913210362,10,37.91680140311
"440","FLORESTA ESTADUAL DO PARU","Shannon diversity",7.16327412109756,10.1704669902861,2.2876039979867,5.68684554334229,14.6540884372298
"441","FLORESTA ESTADUAL DO PARU","Simpson diversity",5.64429530201342,6.76666666666666,1.39989406794008,4.02292471133283,9.51040862200049
"442","FLORESTA ESTADUAL DO UAIMII","Species richness",7,22.75,8.60317830677213,7,39.6119196338497
"443","FLORESTA ESTADUAL DO UAIMII","Shannon diversity",6.72717132202972,23.7925897069805,11.6077060961179,1.04190381546345,46.5432755984976
"444","FLORESTA ESTADUAL DO UAIMII","Simpson diversity",6.4,28,NA,NA,NA
"445","FLORESTA ESTADUAL MAÚES","Species richness",6,6.24193548387097,2.27414884762726,6,10.6991853207037
"446","FLORESTA ESTADUAL MAÚES","Shannon diversity",3.8104288609186,4.18458389846744,0.753279034172133,2.70818412118094,5.66098367575394
"447","FLORESTA ESTADUAL MAÚES","Simpson diversity",2.80174927113703,2.98076923076923,0.635503044457733,1.73520615156652,4.22633230997195
"448","FLORESTA ESTADUAL PEDERNEIRAS","Species richness",3,3,0.394537392945302,3,3.77327908072712
"449","FLORESTA ESTADUAL PEDERNEIRAS","Shannon diversity",1.80290815579477,1.87306184207105,0.27750220530936,1.32916751403426,2.41695617010783
"450","FLORESTA ESTADUAL PEDERNEIRAS","Simpson diversity",1.44649446494465,1.47081712062257,0.221593446965219,1.03650194536065,1.90513229588448
"451","FLORESTA ESTADUAL SUCUNDURI","Species richness",2,2.5,0.697234798067598,2,3.86655509298055
"452","FLORESTA ESTADUAL SUCUNDURI","Shannon diversity",2,3.37500000000171,1.10395509694116,1.21128776944762,5.5387122305558
"453","FLORESTA ESTADUAL SUCUNDURI","Simpson diversity",2,Inf,NA,NA,NA
"454","FLORESTA NACIONAL DE AÇU","Species richness",1,1,0,1,1
"455","FLORESTA NACIONAL DE AÇU","Shannon diversity",1,1,0,1,1
"456","FLORESTA NACIONAL DE AÇU","Simpson diversity",1,Inf,NA,NA,NA
"457","FLORESTA NACIONAL DE ANAUÁ","Species richness",4,4.45454545454545,1.58663120973042,4,7.56428548236429
"458","FLORESTA NACIONAL DE ANAUÁ","Shannon diversity",3.4579789224902,4.14542315455238,1.12111265909104,1.948082720122,6.34276358898276
"459","FLORESTA NACIONAL DE ANAUÁ","Simpson diversity",3.1025641025641,3.92857142857143,1.2010671299776,1.57452311080043,6.28261974634242
"460","FLORESTA NACIONAL DE ASSUNGUI","Species richness",1,1,0,1,1
"461","FLORESTA NACIONAL DE ASSUNGUI","Shannon diversity",1,1,0,1,1
"462","FLORESTA NACIONAL DE ASSUNGUI","Simpson diversity",1,Inf,NA,NA,NA
"463","FLORESTA NACIONAL DE CANELA","Species richness",6,8.8,2.89101992107679,6,14.4662949238983
"464","FLORESTA NACIONAL DE CANELA","Shannon diversity",4.86550222667393,6.57547495221305,1.68355222382139,3.27577322743082,9.87517667699529
"465","FLORESTA NACIONAL DE CANELA","Simpson diversity",4.24528301886792,5.52631578947369,1.72913743608967,2.137268690418,8.91536288852937
"466","FLORESTA NACIONAL DE CARAJÁS","Species richness",78,126.783964365256,23.6342884269708,80.4616102481616,173.106318482351
"467","FLORESTA NACIONAL DE CARAJÁS","Shannon diversity",18.7488686507794,21.856792978794,2.11049408193211,17.7203005886221,25.9932853689658
"468","FLORESTA NACIONAL DE CARAJÁS","Simpson diversity",6.75810398578661,6.84609624940444,0.63524211618062,5.60104458022741,8.09114791858146
"469","FLORESTA NACIONAL DE CHAPECÓ","Species richness",10,16.0267857142857,7.4568244234471,10,30.6418930232807
"470","FLORESTA NACIONAL DE CHAPECÓ","Shannon diversity",6.83971955878307,9.23616380704862,2.16213173912382,4.99846346853498,13.4738641455623
"471","FLORESTA NACIONAL DE CHAPECÓ","Simpson diversity",5.15789473684211,6.09677419354838,1.45880348358103,3.237571905208,8.95597648188876
"472","FLORESTA NACIONAL DE HUMAITÁ","Species richness",2,2,0.435194139889245,2,2.85296484046581
"473","FLORESTA NACIONAL DE HUMAITÁ","Shannon diversity",1.75476535060332,2.03060409663475,0.510474732499916,1.03009200591719,3.0311161873523
"474","FLORESTA NACIONAL DE HUMAITÁ","Simpson diversity",1.6,2,0.749680066441814,0.530654069846451,3.46934593015355
"475","FLORESTA NACIONAL DE IBIRAMA","Species richness",8,24.5,8.34122746653392,8.15149457873724,40.8485054212628
"476","FLORESTA NACIONAL DE IBIRAMA","Shannon diversity",6.73477228985624,16.4914038957337,6.5887165575544,3.5777567385843,29.405051052883
"477","FLORESTA NACIONAL DE IBIRAMA","Simpson diversity",5.53846153846154,9.42857142857141,7.23482142102961,0,23.6085608483683
"478","FLORESTA NACIONAL DE IPANEMA","Species richness",27,75.5196078431373,37.6591456261439,27,149.330176958928
"479","FLORESTA NACIONAL DE IPANEMA","Shannon diversity",14.1827661911556,19.3808043777561,3.71661503333921,12.0963727680111,26.6652359875011
"480","FLORESTA NACIONAL DE IPANEMA","Simpson diversity",8.43111831442463,9.10070671378091,1.80126942234834,5.57028351952489,12.6311299080369
"481","FLORESTA NACIONAL DE IRATI","Species richness",7,10.8709677419355,4.68541272913857,7,20.0542079437526
"482","FLORESTA NACIONAL DE IRATI","Shannon diversity",2.76824747740662,3.33105934429962,0.782045713081461,1.79827791239602,4.86384077620323
"483","FLORESTA NACIONAL DE IRATI","Simpson diversity",1.77634011090573,1.8235294117647,0.339403269217828,1.15831122786261,2.4887475956668
"484","FLORESTA NACIONAL DE ITAITUBA II","Species richness",1,1,0,1,1
"485","FLORESTA NACIONAL DE ITAITUBA II","Shannon diversity",1,1,0,1,1
"486","FLORESTA NACIONAL DE ITAITUBA II","Simpson diversity",1,Inf,NA,NA,NA
"487","FLORESTA NACIONAL DE MÁRIO XAVIER","Species richness",9,31.4583333333333,15.5002661063123,9,61.8382966524924
"488","FLORESTA NACIONAL DE MÁRIO XAVIER","Shannon diversity",8.12323966013148,24.2476482443786,18.5740990685888,0,60.6522134640916
"489","FLORESTA NACIONAL DE MÁRIO XAVIER","Simpson diversity",7.2,16.5,NA,NA,NA
"490","FLORESTA NACIONAL DE NEGREIROS","Species richness",2,2.5,0.719058728161653,2,3.90932920996602
"491","FLORESTA NACIONAL DE NEGREIROS","Shannon diversity",2,3.37500000000171,1.13850965292344,1.14356208422058,5.60643791578284
"492","FLORESTA NACIONAL DE NEGREIROS","Simpson diversity",2,Inf,NA,NA,NA
"493","FLORESTA NACIONAL DE NÍSIA FLORESTA","Species richness",4,7.6,3.25681631739534,4,13.9832426863572
"494","FLORESTA NACIONAL DE NÍSIA FLORESTA","Shannon diversity",3.789291416276,8.18179988340218,4.70037051492109,0,17.3943568066415
"495","FLORESTA NACIONAL DE NÍSIA FLORESTA","Simpson diversity",3.57142857142857,10,NA,NA,NA
"496","FLORESTA NACIONAL DE PACOTUBA","Species richness",12,32.5714285714286,13.7023851452181,12,59.4276099583528
"497","FLORESTA NACIONAL DE PACOTUBA","Shannon diversity",5.82349334384513,7.77551833412709,2.08687315527938,3.68532210947604,11.8657145587781
"498","FLORESTA NACIONAL DE PACOTUBA","Simpson diversity",3.56760772659733,3.76923076923077,0.963083437854355,1.88162191692922,5.65683962153232
"499","FLORESTA NACIONAL DE PARAOPEBA","Species richness",10,21.375,12.0193607594488,10,44.9325142057136
"500","FLORESTA NACIONAL DE PARAOPEBA","Shannon diversity",9.07568045880467,19.8074855384666,9.27509054135081,1.62864212407087,37.9863289528623
"501","FLORESTA NACIONAL DE PARAOPEBA","Simpson diversity",8.16666666666667,18.2,9.92075836610355,0,37.6443290968874
"502","FLORESTA NACIONAL DE PASSA QUATRO","Species richness",5,6.96296296296296,2.38759940552574,5,11.6425718073026
"503","FLORESTA NACIONAL DE PASSA QUATRO","Shannon diversity",2.34275502490545,2.49427765978326,0.403016515340189,1.70437980454165,3.28417551502486
"504","FLORESTA NACIONAL DE PASSA QUATRO","Simpson diversity",1.82936010037641,1.85844155844156,0.261095024285979,1.34670471429843,2.37017840258469
"505","FLORESTA NACIONAL DE PIRAÍ DO SUL","Species richness",1,1,0,1,1
"506","FLORESTA NACIONAL DE PIRAÍ DO SUL","Shannon diversity",1,1,0,1,1
"507","FLORESTA NACIONAL DE PIRAÍ DO SUL","Simpson diversity",1,1,0,1,1
"508","FLORESTA NACIONAL DE PURUS","Species richness",1,1,0,1,1
"509","FLORESTA NACIONAL DE PURUS","Shannon diversity",1,1,0,1,1
"510","FLORESTA NACIONAL DE PURUS","Simpson diversity",1,Inf,NA,NA,NA
"511","FLORESTA NACIONAL DE RITÁPOLIS","Species richness",12,17.8235294117647,7.16513434506573,12,31.8669346724845
"512","FLORESTA NACIONAL DE RITÁPOLIS","Shannon diversity",7.26996403459858,9.65808891199826,1.97350972899933,5.79008092002017,13.5260969039764
"513","FLORESTA NACIONAL DE RITÁPOLIS","Simpson diversity",4.66129032258064,5.2429906542056,1.42528724541584,2.44947898556626,8.03650232284494
"514","FLORESTA NACIONAL DE SANTA ROSA DO PURUS","Species richness",2,2.33333333333333,1.01091684225403,2,4.31469393551619
"515","FLORESTA NACIONAL DE SANTA ROSA DO PURUS","Shannon diversity",1.88988157484231,2.51984209978993,1.56765937918771,0,5.59239802302426
"516","FLORESTA NACIONAL DE SANTA ROSA DO PURUS","Simpson diversity",1.8,3,NA,NA,NA
"517","FLORESTA NACIONAL DE SÃO FRANCISCO DE PAULA","Species richness",17,24.875,12.7287383491936,17,49.8228687330533
"518","FLORESTA NACIONAL DE SÃO FRANCISCO DE PAULA","Shannon diversity",12.2532027750681,18.0143447643278,4.1667206959378,9.8477222666521,26.1809672620036
"519","FLORESTA NACIONAL DE SÃO FRANCISCO DE PAULA","Simpson diversity",8.41558441558441,10.6779661016949,3.44855110054652,3.91893014577777,17.4370020576121
"520","FLORESTA NACIONAL DE SARACÁ-TAQUERA","Species richness",14,22.804347826087,9.88322395245583,14,42.175110824044
"521","FLORESTA NACIONAL DE SARACÁ-TAQUERA","Shannon diversity",9.75113825003895,12.5906701925094,2.08482827921226,8.50448185130276,16.6768585337161
"522","FLORESTA NACIONAL DE SARACÁ-TAQUERA","Simpson diversity",7.50354609929078,8.77118644067797,1.68727534785062,5.46418752688847,12.0781853544675
"523","FLORESTA NACIONAL DE TAPIRAPÉ-AQUIRI","Species richness",12,20.5909090909091,13.37364145934,12,46.8027646933672
"524","FLORESTA NACIONAL DE TAPIRAPÉ-AQUIRI","Shannon diversity",10.6522658640142,17.3337309813752,6.19227178015285,5.19710130979187,29.4703606529585
"525","FLORESTA NACIONAL DE TAPIRAPÉ-AQUIRI","Simpson diversity",9.68,16.5,3.91795757836384,8.82094425345113,24.1790557465489
"526","FLORESTA NACIONAL DE TEFÉ","Species richness",5,10.3333333333333,3.50050162973937,5,17.1941904554463
"527","FLORESTA NACIONAL DE TEFÉ","Shannon diversity",3.68066117720662,6.60098745356929,2.59772551748885,1.50953899757048,11.6924359095681
"528","FLORESTA NACIONAL DE TEFÉ","Simpson diversity",2.79310344827586,3.6,2.17157335731393,0,7.85620557012203
"529","FLORESTA NACIONAL DO ARARIPE-APODI","Species richness",46,58.7184713375796,9.08592256663365,46,76.5265523345013
"530","FLORESTA NACIONAL DO ARARIPE-APODI","Shannon diversity",31.2207601152682,38.4391224109716,2.96017628702048,32.6372835005219,44.2409613214212
"531","FLORESTA NACIONAL DO ARARIPE-APODI","Simpson diversity",22.2263300270514,25.7268907563025,2.95040346330203,19.9442062283683,31.5095752842367
"532","FLORESTA NACIONAL DO ARIPUANÃ","Species richness",5,13,3.72896443501084,5.691364007748,20.308635992252
"533","FLORESTA NACIONAL DO ARIPUANÃ","Shannon diversity",5,18.5639518427438,6.06552500801901,6.67574127969956,30.4521624057881
"534","FLORESTA NACIONAL DO ARIPUANÃ","Simpson diversity",5,Inf,NA,NA,NA
"535","FLORESTA NACIONAL DO CREPORI","Species richness",4,4.875,1.37223466232527,4,7.56453051649502
"536","FLORESTA NACIONAL DO CREPORI","Shannon diversity",3.50953070120665,4.7149844759505,1.18273856237849,2.39685949056198,7.03310946133901
"537","FLORESTA NACIONAL DO CREPORI","Simpson diversity",3.2,4.66666666666667,1.53130980203266,1.66535460550949,7.66797872782384
"538","FLORESTA NACIONAL DO JAMANXIM","Species richness",4,4.83333333333333,2.57640416968433,4,9.88299271553343
"539","FLORESTA NACIONAL DO JAMANXIM","Shannon diversity",3.77976314968462,5.60453182414359,2.75479044451498,0.20524176793915,11.003821880348
"540","FLORESTA NACIONAL DO JAMANXIM","Simpson diversity",3.6,7.5,3.5762390942966,0.49070017507453,14.5092998249255
"541","FLORESTA NACIONAL DO JAMARI","Species richness",5,10.25,3.08945281804514,5,16.3052162553042
"542","FLORESTA NACIONAL DO JAMARI","Shannon diversity",4,7.69849899449248,2.90533364259815,2.00414969192754,13.3928482970574
"543","FLORESTA NACIONAL DO JAMARI","Simpson diversity",3.2,4.66666666666667,3.50354988492054,0,11.5334982591504
"544","MONUMENTO NATURAL DA GRUTA DO LAGO AZUL","Species richness",15,28.0645161290323,15.7254376008409,15,58.8858074678124
"545","MONUMENTO NATURAL DA GRUTA DO LAGO AZUL","Shannon diversity",11.2680035822085,18.1319068864612,5.23156664655862,7.87822467648533,28.3855890964371
"546","MONUMENTO NATURAL DA GRUTA DO LAGO AZUL","Simpson diversity",8.65765765765766,11.625,3.33488265769909,5.08875009824256,18.1612499017574
"547","MONUMENTO NATURAL DO CONJUNTO ESPELEOLÓGICO DO MORRO DA PEDREIRA","Species richness",13,25.4387254901961,11.3390294929757,13,47.6628149160658
"548","MONUMENTO NATURAL DO CONJUNTO ESPELEOLÓGICO DO MORRO DA PEDREIRA","Shannon diversity",3.17179248197703,3.35999663380814,0.31125839414968,2.749941391389,3.97005187622729
"549","MONUMENTO NATURAL DO CONJUNTO ESPELEOLÓGICO DO MORRO DA PEDREIRA","Simpson diversity",1.99291255626856,2.00270819228166,0.12999467283374,1.74792331534546,2.25749306921785
"550","MONUMENTO NATURAL DOS CANIONS DO SUBAÉ","Species richness",3,4.5,1.91812197714116,3,8.25944999315143
"551","MONUMENTO NATURAL DOS CANIONS DO SUBAÉ","Shannon diversity",2.82842712474619,4.89130913071361,2.82651983012545,0,10.4311861993478
"552","MONUMENTO NATURAL DOS CANIONS DO SUBAÉ","Simpson diversity",2.66666666666667,6,NA,NA,NA
"553","MONUMENTO NATURAL DOS PONTÕES CAPIXABAS","Species richness",9,26.5384615384615,11.1150921344859,9,48.3236418068983
"554","MONUMENTO NATURAL DOS PONTÕES CAPIXABAS","Shannon diversity",3.33375196155262,4.46608586203976,1.45371297021688,1.61686079655593,7.31531092752359
"555","MONUMENTO NATURAL DOS PONTÕES CAPIXABAS","Simpson diversity",2.01456953642384,2.06983240223464,0.398014060483598,1.28973917834624,2.84992562612304
"556","MONUMENTO NATURAL ESTADUAL DA PEDRA DO BAÚ","Species richness",11,25.8101265822785,12.1448026978976,11,49.6135024695027
"557","MONUMENTO NATURAL ESTADUAL DA PEDRA DO BAÚ","Shannon diversity",3.63955225705433,4.22594935968786,0.906078280102034,2.45006856351388,6.00183015586185
"558","MONUMENTO NATURAL ESTADUAL DA PEDRA DO BAÚ","Simpson diversity",2.18752190676481,2.22134102379236,0.334334245450079,1.56605794391183,2.87662410367289
"559","MONUMENTO NATURAL ESTADUAL DA SERRA DA BELEZA","Species richness",1,1,0,1,1
"560","MONUMENTO NATURAL ESTADUAL DA SERRA DA BELEZA","Shannon diversity",1,1,0,1,1
"561","MONUMENTO NATURAL ESTADUAL DA SERRA DA BELEZA","Simpson diversity",1,1,0,1,1
"562","MONUMENTO NATURAL ESTADUAL LAPA NOVA DE VAZANTE","Species richness",2,2,0.482418151324422,2,2.94552220208426
"563","MONUMENTO NATURAL ESTADUAL LAPA NOVA DE VAZANTE","Shannon diversity",1.75476535060332,2.03060409663475,0.530929399643387,0.990001595000237,3.07120659826926
"564","MONUMENTO NATURAL ESTADUAL LAPA NOVA DE VAZANTE","Simpson diversity",1.6,2,0.664466064983873,0.697670443682559,3.30232955631744
"565","MONUMENTO NATURAL ESTADUAL VÁRZEA DO LAGEADO E SERRA DO RAIO","Species richness",6,8.9,1.84321803231372,6,12.5126409589897
"566","MONUMENTO NATURAL ESTADUAL VÁRZEA DO LAGEADO E SERRA DO RAIO","Shannon diversity",3.95310440757911,4.59579019442946,0.656472485678129,3.30912776565884,5.88245262320008
"567","MONUMENTO NATURAL ESTADUAL VÁRZEA DO LAGEADO E SERRA DO RAIO","Simpson diversity",3.33333333333333,3.625,0.528552507744619,2.58905612088222,4.66094387911778
"568","MONUMENTO NATURAL GRUTA CASA DE PEDRA","Species richness",2,2.33333333333333,1.2053751668793,2,4.69582524827571
"569","MONUMENTO NATURAL GRUTA CASA DE PEDRA","Shannon diversity",1.88988157484231,2.51984209978993,1.8933000357243,0,6.23064198173796
"570","MONUMENTO NATURAL GRUTA CASA DE PEDRA","Simpson diversity",1.8,3,NA,NA,NA
"571","MONUMENTO NATURAL O FRADE E A FREIRA","Species richness",2,2,0.287623491264661,2,2.56373168398641
"572","MONUMENTO NATURAL O FRADE E A FREIRA","Shannon diversity",2,2.30097589089282,0.351888588696471,1.61128693047711,2.99066485130853
"573","MONUMENTO NATURAL O FRADE E A FREIRA","Simpson diversity",2,3,0.620849857416868,1.78315663965611,4.21684336034389
"574","PARQUE ESTADUAL ÁGUAS DA BILLINGS","Species richness",23,47.1975308641975,19.6663528641122,23,85.7428741851136
"575","PARQUE ESTADUAL ÁGUAS DA BILLINGS","Shannon diversity",10.6308163864839,14.3293821711712,2.71582209065017,9.0064686850786,19.6522956572638
"576","PARQUE ESTADUAL ÁGUAS DA BILLINGS","Simpson diversity",6.45132743362832,6.92307692307692,1.07102722894607,4.82390212788089,9.02225171827295
"577","PARQUE ESTADUAL ÁGUAS DA PRATA","Species richness",11,19.6538461538462,8.96230733341737,11,37.2196457457234
"578","PARQUE ESTADUAL ÁGUAS DA PRATA","Shannon diversity",7.77444256746882,11.4979788573697,3.19061651867209,5.24448539229387,17.7514723224456
"579","PARQUE ESTADUAL ÁGUAS DA PRATA","Simpson diversity",5.63333333333333,6.91489361702128,2.47452619178224,2.06491140232704,11.7648758317155
"580","PARQUE ESTADUAL ALTO DO CARIRI","Species richness",2,2,0.464823198711732,2,2.9110367286537
"581","PARQUE ESTADUAL ALTO DO CARIRI","Shannon diversity",1.5691925832142,1.72844510689673,0.422889709622181,0.899596506604652,2.55729370718881
"582","PARQUE ESTADUAL ALTO DO CARIRI","Simpson diversity",1.38461538461538,1.5,0.44943160236353,0.619130245853354,2.38086975414665
"583","PARQUE ESTADUAL BIRIBIRI","Species richness",14,21.9517543859649,9.94572899383414,14,41.4450250138756
"584","PARQUE ESTADUAL BIRIBIRI","Shannon diversity",9.57593762703245,13.0596878700066,2.50770998144935,8.14466662269429,17.9747091173189
"585","PARQUE ESTADUAL BIRIBIRI","Simpson diversity",6.94230769230769,8.27058823529412,1.98714581451823,4.37585400680888,12.1653224637794
"586","PARQUE ESTADUAL BOTÂNICO DO CEARÁ","Species richness",20,44.6212121212121,25.9740378114557,20,95.5293907647468
"587","PARQUE ESTADUAL BOTÂNICO DO CEARÁ","Shannon diversity",12.6490842589726,17.3645274604982,3.52488425265159,10.4558812756287,24.2731736453677
"588","PARQUE ESTADUAL BOTÂNICO DO CEARÁ","Simpson diversity",9,10.2631578947368,1.81760838641,6.70071091937529,13.8256048700984
"589","PARQUE ESTADUAL CRISTALINO","Species richness",49,80.8848920863309,16.26042057367,49.0150533884636,112.754730784198
"590","PARQUE ESTADUAL CRISTALINO","Shannon diversity",26.1078232228061,30.2143182836154,2.69235639777947,24.9373967104216,35.4912398568091
"591","PARQUE ESTADUAL CRISTALINO","Simpson diversity",15.370723945903,16.2117894736842,1.92520855876476,12.438450035777,19.9851289115914
"592","PARQUE ESTADUAL DA LAPA GRANDE","Species richness",14,16.6568986568987,5.19082998231477,14,26.8307384721063
"593","PARQUE ESTADUAL DA LAPA GRANDE","Shannon diversity",2.77234287348902,2.86310321765246,0.263538634650378,2.34657698520286,3.37962945010206
"594","PARQUE ESTADUAL DA LAPA GRANDE","Simpson diversity",1.63962160378396,1.64348634411934,0.105905152379907,1.4359160596775,1.85105662856119
"595","PARQUE ESTADUAL DA PEDRA SELADA","Species richness",59,92.0403162055336,18.2770338333632,59,127.862644263146
"596","PARQUE ESTADUAL DA PEDRA SELADA","Shannon diversity",21.8922125606115,25.3262847307566,2.1784016271486,21.0566959976819,29.5958734638313
"597","PARQUE ESTADUAL DA PEDRA SELADA","Simpson diversity",12.7722931645026,13.2248718520169,0.974809855741877,11.3142796429882,15.1354640610457
"598","PARQUE ESTADUAL DA SERRA DA CONCÓRDIA","Species richness",8,24.6153846153846,13.239060952096,8,50.5634672706232
"599","PARQUE ESTADUAL DA SERRA DA CONCÓRDIA","Shannon diversity",6.29211176441463,14.3969777465464,13.6710715314201,0,41.1917855782007
"600","PARQUE ESTADUAL DA SERRA DA CONCÓRDIA","Simpson diversity",4.82857142857143,7.09090909090909,NA,NA,NA
"601","PARQUE ESTADUAL DA SERRA DE CALDAS NOVAS","Species richness",26,53.7644230769231,23.072931957588,26,98.9865387315389
"602","PARQUE ESTADUAL DA SERRA DE CALDAS NOVAS","Shannon diversity",15.2124453723502,21.5546860035375,4.12779932783535,13.4643479855715,29.6450240215034
"603","PARQUE ESTADUAL DA SERRA DE CALDAS NOVAS","Simpson diversity",10.1739130434783,11.55,2.1778444995293,7.28150321699388,15.8184967830061
"604","PARQUE ESTADUAL DA SERRA DO CABRAL","Species richness",8,10.1634615384615,4.40767423771646,8,18.8023442999708
"605","PARQUE ESTADUAL DA SERRA DO CABRAL","Shannon diversity",5.28323978976665,6.4772812078927,1.50784899064097,3.52195149211133,9.43261092367406
"606","PARQUE ESTADUAL DA SERRA DO CABRAL","Simpson diversity",3.75555555555555,4.22077922077923,1.23064513070948,1.80875908683907,6.63279935471939
"607","PARQUE ESTADUAL DA SERRA DOURADA","Species richness",4,4,0.670724235089338,4,5.31459534433328
"608","PARQUE ESTADUAL DA SERRA DOURADA","Shannon diversity",3.58598882705695,4.02304274086413,0.538932165847214,2.96675510569343,5.07933037603484
"609","PARQUE ESTADUAL DA SERRA DOURADA","Simpson diversity",3.26666666666667,3.95652173913044,0.733317497753401,2.51924585430074,5.39379762396013
"610","PARQUE ESTADUAL DAS FONTES DO IPIRANGA","Species richness",103,151.97304730473,19.4994798057747,113.754769168146,190.191325441315
"611","PARQUE ESTADUAL DAS FONTES DO IPIRANGA","Shannon diversity",12.1870569443839,12.7582663644688,0.638786494676161,11.506267841093,14.0102648878447
"612","PARQUE ESTADUAL DAS FONTES DO IPIRANGA","Simpson diversity",4.662643259806,4.67206103242559,0.231576669642602,4.21817910026636,5.12594296458482
"613","PARQUE ESTADUAL DAS FURNAS DO BOM JESUS","Species richness",13,14.1071428571429,3.52992494244096,13,21.0256686124568
"614","PARQUE ESTADUAL DAS FURNAS DO BOM JESUS","Shannon diversity",8.40401498705865,9.44055273588398,1.21559079869535,7.05803855050282,11.8230669212651
"615","PARQUE ESTADUAL DAS FURNAS DO BOM JESUS","Simpson diversity",6.19188767550702,6.75778546712802,1.13286084197608,4.53741901735919,8.97815191689686
"616","PARQUE ESTADUAL DAS NASCENTES","Species richness",2,2.5,0.731747596821845,2,3.93419893554455
"617","PARQUE ESTADUAL DAS NASCENTES","Shannon diversity",2,3.37500000000171,1.15860036163542,1.1041850187212,5.64581498128222
"618","PARQUE ESTADUAL DAS NASCENTES","Simpson diversity",2,Inf,NA,NA,NA
"619","PARQUE ESTADUAL DAS NASCENTES DO RIO TAQUARI","Species richness",15,17.90625,6.48117826416624,15,30.6091259751497
"620","PARQUE ESTADUAL DAS NASCENTES DO RIO TAQUARI","Shannon diversity",12.548103860046,17.0894138217413,2.52393226549345,12.1425974819556,22.0362301615271
"621","PARQUE ESTADUAL DAS NASCENTES DO RIO TAQUARI","Simpson diversity",10.6666666666667,15.5,2.38599955455048,10.8235268059525,20.1764731940476
"622","PARQUE ESTADUAL DE ÁGUAS QUENTES","Species richness",2,2.33333333333333,1.09483021453246,2,4.47916112300322
"623","PARQUE ESTADUAL DE ÁGUAS QUENTES","Shannon diversity",1.88988157484231,2.51984209978993,1.73384842587406,0,5.91812256915455
"624","PARQUE ESTADUAL DE ÁGUAS QUENTES","Simpson diversity",1.8,3,NA,NA,NA
"625","PARQUE ESTADUAL DE BOTUMIRIM","Species richness",12,13.5979381443299,4.73508965392147,12,22.8785433295842
"626","PARQUE ESTADUAL DE BOTUMIRIM","Shannon diversity",2.26656377779995,2.2877926845245,0.0731697995006702,2.14438251274717,2.43120285630183
"627","PARQUE ESTADUAL DE BOTUMIRIM","Simpson diversity",1.92907437900038,1.93138973993358,0.0419580454907175,1.84915348191008,2.01362599795708
"628","PARQUE ESTADUAL DE CORUMBIARA","Species richness",4,5.71428571428571,2.11353190415339,4,9.85673212660272
"629","PARQUE ESTADUAL DE CORUMBIARA","Shannon diversity",3.58598882705695,5.35721338580813,2.03758247191111,1.36362512533226,9.35080164628399
"630","PARQUE ESTADUAL DE CORUMBIARA","Simpson diversity",3.26666666666667,5.25,2.55459792087311,0.243080080107805,10.2569199198922
"631","PARQUE ESTADUAL DE DOIS IRMÃOS","Species richness",24,28.5156794425087,11.8492635830554,24,51.7398093086194
"632","PARQUE ESTADUAL DE DOIS IRMÃOS","Shannon diversity",14.5275942699516,17.6055473277673,2.27860241514756,13.1395686589921,22.0715259965425
"633","PARQUE ESTADUAL DE DOIS IRMÃOS","Simpson diversity",9.18579234972677,10.2184615384615,1.81709799916048,6.65701490372718,13.7799081731959
"634","PARQUE ESTADUAL DE IBICATU","Species richness",2,2,0.464823198711732,2,2.9110367286537
"635","PARQUE ESTADUAL DE IBICATU","Shannon diversity",1.64938488846612,1.85274193095289,0.464930880435856,0.941494149998114,2.76398971190766
"636","PARQUE ESTADUAL DE IBICATU","Simpson diversity",1.47058823529412,1.66666666666667,0.541239795537846,0.605856160412666,2.72747717292067
"637","PARQUE ESTADUAL DE IBIPORÃ","Species richness",4,6.57142857142857,1.84632700729096,4,10.1901630094025
"638","PARQUE ESTADUAL DE IBIPORÃ","Shannon diversity",3.17003282492367,5.14437569074137,1.73518439947266,1.74347676123919,8.54527462024355
"639","PARQUE ESTADUAL DE IBIPORÃ","Simpson diversity",2.57894736842105,3.5,1.95071340118364,0,7.32332801047956
"640","PARQUE ESTADUAL DE ITABERABA","Species richness",25,73.5333333333333,43.7521210183418,25,159.285914776521
"641","PARQUE ESTADUAL DE ITABERABA","Shannon diversity",12.2788259542391,16.4632048491703,3.12327464603866,10.3416990291074,22.5847106692331
"642","PARQUE ESTADUAL DE ITABERABA","Simpson diversity",7.81360737065911,8.36140888208269,1.17855662863291,6.05148033622124,10.6713374279441
"643","PARQUE ESTADUAL DE MIRADOR","Species richness",5,5.90909090909091,2.08673927005313,5,9.99902472352045
"644","PARQUE ESTADUAL DE MIRADOR","Shannon diversity",4.11351981682518,5.3665916439498,1.38963013902575,2.64296661962794,8.09021666827166
"645","PARQUE ESTADUAL DE MIRADOR","Simpson diversity",3.45714285714286,4.58333333333333,1.43442221369564,1.77191745586566,7.394749210801
"646","PARQUE ESTADUAL DE MONTE ALEGRE","Species richness",3,3.2,1.651126337328,3,6.43614815508841
"647","PARQUE ESTADUAL DE MONTE ALEGRE","Shannon diversity",2.87174588749259,3.73620719468251,1.8016176753268,0.205101437131199,7.26731295223382
"648","PARQUE ESTADUAL DE MONTE ALEGRE","Simpson diversity",2.77777777777778,5,2.38125159255082,0.33283264047175,9.66716735952825
"649","PARQUE ESTADUAL DE MONTEZUMA","Species richness",1,1,0,1,1
"650","PARQUE ESTADUAL DE MONTEZUMA","Shannon diversity",1,1,0,1,1
"651","PARQUE ESTADUAL DE MONTEZUMA","Simpson diversity",1,Inf,NA,NA,NA
"652","PARQUE ESTADUAL DE PARAÚNA","Species richness",5,8.9375,3.16911910748409,5,15.1488593133865
"653","PARQUE ESTADUAL DE PARAÚNA","Shannon diversity",4.45565973351251,7.79890482098948,3.2833490556335,1.36365892327423,14.2341507187047
"654","PARQUE ESTADUAL DE PARAÚNA","Simpson diversity",4,7,4.40542937690019,0,15.6344829151591
"655","PARQUE ESTADUAL DE SAGARANA","Species richness",1,1,0,1,1
"656","PARQUE ESTADUAL DE SAGARANA","Shannon diversity",1,1,0,1,1
"657","PARQUE ESTADUAL DE SAGARANA","Simpson diversity",1,1,0,1,1
"658","PARQUE ESTADUAL DE SANTA CLARA","Species richness",2,2.33333333333333,1.25249918513115,2,4.78818662685616
"659","PARQUE ESTADUAL DE SANTA CLARA","Shannon diversity",1.88988157484231,2.51984209978993,1.98217946072527,0,6.40484245370649
"660","PARQUE ESTADUAL DE SANTA CLARA","Simpson diversity",1.8,3,NA,NA,NA
"661","PARQUE ESTADUAL DE TERRA RONCA","Species richness",14,31.9403973509934,12.1652534078758,14,55.783855893233
"662","PARQUE ESTADUAL DE TERRA RONCA","Shannon diversity",3.11704472898711,3.26494921146609,0.289327189423569,2.69787834044769,3.83202008248448
"663","PARQUE ESTADUAL DE TERRA RONCA","Simpson diversity",1.92470349892373,1.93063461048339,0.126579470718832,1.68254340669233,2.17872581427444
"664","PARQUE ESTADUAL DE VASSUNUNGA","Species richness",14,20.1141304347826,8.94737068389434,14,37.650654731545
"665","PARQUE ESTADUAL DE VASSUNUNGA","Shannon diversity",10.5232732743507,13.2264521626467,2.41063803188498,8.50168844038958,17.9512158849037
"666","PARQUE ESTADUAL DE VASSUNUNGA","Simpson diversity",8.53225806451613,10.2475247524753,1.9510127235184,6.42361008099979,14.0714394239507
"667","PARQUE ESTADUAL DO AGUAPEÍ","Species richness",13,28.2727272727273,18.011538866003,13,63.5746947562365
"668","PARQUE ESTADUAL DO AGUAPEÍ","Shannon diversity",11.1712178946143,21.1254440720925,8.91752460180774,3.64741702129945,38.6034711228855
"669","PARQUE ESTADUAL DO AGUAPEÍ","Simpson diversity",9.68,16.5,6.4722767418088,3.81457068807853,29.1854293119215
"670","PARQUE ESTADUAL DO ARAGUAIAA","Species richness",4,8.5,2.27338576319173,4.04424578117811,12.9557542188219
"671","PARQUE ESTADUAL DO ARAGUAIAA","Shannon diversity",4,12.2750852628228,3.89824696912347,4.63466160049836,19.9155089251472
"672","PARQUE ESTADUAL DO ARAGUAIAA","Simpson diversity",4,Inf,NA,NA,NA
"673","PARQUE ESTADUAL DO BOGUAÇU","Species richness",17,19.4621212121212,7.85478240939326,17,34.8572118409307
"674","PARQUE ESTADUAL DO BOGUAÇU","Shannon diversity",11.4121273931786,13.3771755682908,1.57138713763189,10.2973133727629,16.4570377638188
"675","PARQUE ESTADUAL DO BOGUAÇU","Simpson diversity",8.54117647058824,9.66216216216218,1.52993808496948,6.66353861704582,12.6607857072785
"676","PARQUE ESTADUAL DO CÂNION DO RIO POTI","Species richness",2,2.5,0.579184379498054,2,3.63518052422436
"677","PARQUE ESTADUAL DO CÂNION DO RIO POTI","Shannon diversity",2,3.37500000000171,0.917041934205911,1.57763083664517,5.17236916335824
"678","PARQUE ESTADUAL DO CÂNION DO RIO POTI","Simpson diversity",2,Inf,NA,NA,NA
"679","PARQUE ESTADUAL DO DELTA DO JACUÍ","Species richness",76,155.881656804734,47.2300867639842,76,248.450925848845
"680","PARQUE ESTADUAL DO DELTA DO JACUÍ","Shannon diversity",19.0108773402184,21.3430084954945,1.36295445846445,18.6716668443359,24.0143501466531
"681","PARQUE ESTADUAL DO DELTA DO JACUÍ","Simpson diversity",10.4289561367475,10.5767001993417,0.519602253792524,9.55829849562252,11.5951019030609
"682","PARQUE ESTADUAL DO ESPINILHO","Species richness",30,45.0997916666667,16.8734863063563,30,78.1712171207548
"683","PARQUE ESTADUAL DO ESPINILHO","Shannon diversity",7.28158220117425,7.57549044966192,0.450173146183343,6.69316729633548,8.45781360298836
"684","PARQUE ESTADUAL DO ESPINILHO","Simpson diversity",4.48441665213384,4.51065538793643,0.2345911968153,4.0508650910883,4.97044568478457
"685","PARQUE ESTADUAL DO GUARTELÁ","Species richness",7,11.1785714285714,4.8207008651412,7,20.6269715044893
"686","PARQUE ESTADUAL DO GUARTELÁ","Shannon diversity",6.25753005169252,9.3354429684682,2.75058972721994,3.94438616687127,14.7264997700651
"687","PARQUE ESTADUAL DO GUARTELÁ","Simpson diversity",5.76470588235294,9.09999999999999,2.46611509461851,4.26650323281714,13.9334967671829
"688","PARQUE ESTADUAL DO ITACOLOMI","Species richness",8,15.6190476190476,6.73579843476909,8,28.8209699583163
"689","PARQUE ESTADUAL DO ITACOLOMI","Shannon diversity",5.98782109315309,8.56667079336202,2.54634012962667,3.5759358469047,13.5574057398193
"690","PARQUE ESTADUAL DO ITACOLOMI","Simpson diversity",4.84615384615385,6,1.58738049582996,2.88879139841195,9.11120860158805
"691","PARQUE ESTADUAL DO JALAPÃO","Species richness",9,16.8857142857143,5.79067787431432,9,28.2352343654433
"692","PARQUE ESTADUAL DO JALAPÃO","Shannon diversity",4.23754753956964,4.75497629724189,0.675056987391529,3.43188891444239,6.0780636800414
"693","PARQUE ESTADUAL DO JALAPÃO","Simpson diversity",3.21100917431193,3.31730769230769,0.322282371235818,2.68564585183332,3.94896953278206
"694","PARQUE ESTADUAL DO JUQUERY","Species richness",37,47.8479532163743,12.4708263359375,37,72.2903236922654
"695","PARQUE ESTADUAL DO JUQUERY","Shannon diversity",14.605541893791,16.1428255583806,1.33668000800606,13.522980883834,18.7626702329272
"696","PARQUE ESTADUAL DO JUQUERY","Simpson diversity",9.21062223379329,9.50512405609494,0.844734694581694,7.84947447822338,11.1607736339665
"697","PARQUE ESTADUAL DO JURUPARÁ","Species richness",21,34.4822601839685,16.1207827301513,21,66.0784137376602
"698","PARQUE ESTADUAL DO JURUPARÁ","Shannon diversity",2.37000583010018,2.42638789856506,0.119124396951472,2.19290837086012,2.65986742626999
"699","PARQUE ESTADUAL DO JURUPARÁ","Simpson diversity",1.50874446062583,1.50975509159918,0.0488124238623375,1.41408449883089,1.60542568436746
"700","PARQUE ESTADUAL DO LAJEADO","Species richness",5,5.23214285714286,1.91305725828543,5,8.98166618374523
"701","PARQUE ESTADUAL DO LAJEADO","Shannon diversity",4.21100545098786,4.99464545949866,1.21683481033738,2.60969305610277,7.37959786289454
"702","PARQUE ESTADUAL DO LAJEADO","Simpson diversity",3.62962962962963,4.55,1.31709591328332,1.9685394457798,7.1314605542202
"703","PARQUE ESTADUAL DO LIMOEIRO","Species richness",10,18.4705882352941,10.9689341525234,10,39.9693041230313
"704","PARQUE ESTADUAL DO LIMOEIRO","Shannon diversity",8.585375431416,15.1182221185052,6.15157994582284,3.06134697667362,27.1750972603369
"705","PARQUE ESTADUAL DO LIMOEIRO","Simpson diversity",7.41025641025641,12.3636363636363,5.23832877105706,2.09670063318454,22.6305720940881
"706","PARQUE ESTADUAL DO MATUPIRI","Species richness",3,4.5,2.2024951415349,3,8.81681115353286
"707","PARQUE ESTADUAL DO MATUPIRI","Shannon diversity",2.82842712474619,4.89130913071361,3.41716030047021,0,11.5888202490353
"708","PARQUE ESTADUAL DO MATUPIRI","Simpson diversity",2.66666666666667,6,NA,NA,NA
"709","PARQUE ESTADUAL DO MORRO DO CHAPÉU","Species richness",17,30.2403846153846,13.5324578271851,17,56.7635145789746
"710","PARQUE ESTADUAL DO MORRO DO CHAPÉU","Shannon diversity",10.9997459699063,14.9067758772319,2.54971440131429,9.90942747979281,19.904124274671
"711","PARQUE ESTADUAL DO MORRO DO CHAPÉU","Simpson diversity",8.14457831325301,9.47142857142858,1.6435335857042,6.25016193606638,12.6926952067908
"712","PARQUE ESTADUAL DO PANTANAL DO RIO NEGRO","Species richness",6,8.85714285714286,2.83460704260791,6,14.412870570978
"713","PARQUE ESTADUAL DO PANTANAL DO RIO NEGRO","Shannon diversity",4.19535882298231,5.20374014650619,1.16670829568508,2.91703390649934,7.49044638651305
"714","PARQUE ESTADUAL DO PANTANAL DO RIO NEGRO","Simpson diversity",3.41860465116279,3.88888888888889,0.82864997074797,2.2647647904327,5.51301298734508
"715","PARQUE ESTADUAL DO PAPAGAIO-CHARÃO","Species richness",2,2.5,0.744067445623288,2,3.95834539549036
"716","PARQUE ESTADUAL DO PAPAGAIO-CHARÃO","Shannon diversity",2,3.37500000000171,1.17810678890439,1.06595312380698,5.68404687619644
"717","PARQUE ESTADUAL DO PAPAGAIO-CHARÃO","Simpson diversity",2,Inf,NA,NA,NA
"718","PARQUE ESTADUAL DO POETA E REPENTISTA JUVENAL DE OLIVEIRA","Species richness",8,32.5,7.47773589336432,17.8439069631035,47.1560930368965
"719","PARQUE ESTADUAL DO POETA E REPENTISTA JUVENAL DE OLIVEIRA","Shannon diversity",8,44.2633955962782,11.5141491531382,21.6960779435049,66.8307132490515
"720","PARQUE ESTADUAL DO POETA E REPENTISTA JUVENAL DE OLIVEIRA","Simpson diversity",8,Inf,NA,NA,NA
"721","PARQUE ESTADUAL DO PROSA","Species richness",17,29.1989583333333,17.525372394132,17,63.5480570414845
"722","PARQUE ESTADUAL DO PROSA","Shannon diversity",5.09322851453281,5.4139420350915,0.543563794406241,4.34857657475533,6.47930749542767
"723","PARQUE ESTADUAL DO PROSA","Simpson diversity",3.03637322087507,3.06246663107315,0.253143274673979,2.56631492978362,3.55861833236268
"724","PARQUE ESTADUAL DO RIO DA ONÇA","Species richness",7,11.3846153846154,4.2477181225102,7,19.7099899212135
"725","PARQUE ESTADUAL DO RIO DA ONÇA","Shannon diversity",4.28799580348635,4.94978672799501,0.821227690555659,3.34021003139892,6.55936342459111
"726","PARQUE ESTADUAL DO RIO DA ONÇA","Simpson diversity",3.48054919908467,3.72361809045226,0.529127538974302,2.68654717083432,4.76068901007021
"727","PARQUE ESTADUAL DO RIO DOCE","Species richness",37,86.8795180722892,56.2922019076656,37,197.210206421771
"728","PARQUE ESTADUAL DO RIO DOCE","Shannon diversity",6.30729720312655,6.95895286499674,0.626727516446258,5.73058950464184,8.18731622535164
"729","PARQUE ESTADUAL DO RIO DOCE","Simpson diversity",2.85154891799261,2.86435930779234,0.207616230641117,2.45743897312979,3.27127964245489
"730","PARQUE ESTADUAL DO SÍTIO DO RANGEDOR","Species richness",4,8.5,2.42967242253109,4,13.2620704423911
"731","PARQUE ESTADUAL DO SÍTIO DO RANGEDOR","Shannon diversity",4,12.2750852628228,4.02578451106476,4.38469261161668,20.1654779140289
"732","PARQUE ESTADUAL DO SÍTIO DO RANGEDOR","Simpson diversity",4,Inf,NA,NA,NA
"733","PARQUE ESTADUAL DO TAINHAS","Species richness",6,9.5,3.9140352819647,6,17.1713681868699
"734","PARQUE ESTADUAL DO TAINHAS","Shannon diversity",5.65685424949238,10.7059791833747,4.03726606494154,2.79308310008351,18.6188752666658
"735","PARQUE ESTADUAL DO TAINHAS","Simpson diversity",5.33333333333333,14,5.23386141736579,3.7418201218893,24.2581798781107
"736","PARQUE ESTADUAL DO UTINGA","Species richness",33,43.021472392638,9.82812103625723,33,62.2842356594027
"737","PARQUE ESTADUAL DO UTINGA","Shannon diversity",16.0776476279691,18.5762169599458,1.92004968359971,14.8129887315628,22.3394451883287
"738","PARQUE ESTADUAL DO UTINGA","Simpson diversity",8.92475646624118,9.38379530916843,1.4368836854587,6.56755503569621,12.2000355826407
"739","PARQUE ESTADUAL DO XINGU","Species richness",3,3.41666666666667,1.10982596132096,3,5.5918855799633
"740","PARQUE ESTADUAL DO XINGU","Shannon diversity",2.74945927399721,3.50242094886821,1.12227285686915,1.30280656857781,5.70203532915861
"741","PARQUE ESTADUAL DO XINGU","Simpson diversity",2.57142857142857,3.75,1.48457588163776,0.840284739673182,6.65971526032681
"742","PARQUE ESTADUAL FRITZ PLAUMANN","Species richness",7,10.6363636363636,5.71373693970996,7,21.8350822553313
"743","PARQUE ESTADUAL FRITZ PLAUMANN","Shannon diversity",6.33582617301755,10.6188983968749,4.48746965219087,1.82361949686435,19.4141772968855
"744","PARQUE ESTADUAL FRITZ PLAUMANN","Simpson diversity",5.76190476190476,11,4.77278311487539,1.64551698882333,20.3544830111766
"745","PARQUE ESTADUAL GRÃO MOGOL","Species richness",9,13.3676470588235,5.31678841561176,9,23.7883608668424
"746","PARQUE ESTADUAL GRÃO MOGOL","Shannon diversity",6.48681574310688,7.8906000946202,1.14413214761957,5.64814229173139,10.133057897509
"747","PARQUE ESTADUAL GRÃO MOGOL","Simpson diversity",5.20720720720721,5.96808510638297,0.983782594886549,4.03990665178798,7.89626356097797
"748","PARQUE ESTADUAL IGARAPÉS DO JURUENA","Species richness",2,2.5,0.67689128978132,2,3.82668254942025
"749","PARQUE ESTADUAL IGARAPÉS DO JURUENA","Shannon diversity",2,3.37500000000171,1.07174454215453,1.27441929675147,5.47558070325195
"750","PARQUE ESTADUAL IGARAPÉS DO JURUENA","Simpson diversity",2,Inf,NA,NA,NA
"751","PARQUE ESTADUAL INTERVALES","Species richness",65,87.0378042035398,16.9343686439964,65,120.228556846697
"752","PARQUE ESTADUAL INTERVALES","Shannon diversity",4.99764702189122,5.13076509554174,0.217223463676045,4.70501493013965,5.55651526094383
"753","PARQUE ESTADUAL INTERVALES","Simpson diversity",2.76033331419288,2.76302498266268,0.0618904602058224,2.64172190967266,2.8843280556527
"754","PARQUE ESTADUAL LAGAMAR DE CANANEIA","Species richness",21,24.0216666666667,9.05831880597879,21,41.775645286867
"755","PARQUE ESTADUAL LAGAMAR DE CANANEIA","Shannon diversity",11.6717903413665,13.9214311295244,2.0550635029284,9.89358067784205,17.9492815812068
"756","PARQUE ESTADUAL LAGAMAR DE CANANEIA","Simpson diversity",6.70441001191895,7.26439790575917,1.72449963489166,3.88444073001904,10.6443550814993
"757","PARQUE ESTADUAL LAGOA DO CAJUEIRO","Species richness",9,32.8,13.7798560945983,9,59.8080216575574
"758","PARQUE ESTADUAL LAGOA DO CAJUEIRO","Shannon diversity",2.99049631654911,4.36971886627341,1.59869732496678,1.23632968715799,7.50310804538883
"759","PARQUE ESTADUAL LAGOA DO CAJUEIRO","Simpson diversity",1.78311499272198,1.82515337423313,0.355064019789341,1.12924068324,2.52106606522625
"760","PARQUE ESTADUAL MATA DO KRAMBECK","Species richness",18,67.4252873563218,33.6862020915586,18,133.449030231715
"761","PARQUE ESTADUAL MATA DO KRAMBECK","Shannon diversity",8.8402672525998,11.6874754310856,2.18867543164126,7.39775041122112,15.9772004509502
"762","PARQUE ESTADUAL MATA DO KRAMBECK","Simpson diversity",5.97395422257301,6.34067796610168,0.880514607387366,4.61490104776102,8.06645488444234
"763","PARQUE ESTADUAL NASCENTES DO PARANAPANEMA","Species richness",9,16.843137254902,7.13627733053678,9,30.8299838064437
"764","PARQUE ESTADUAL NASCENTES DO PARANAPANEMA","Shannon diversity",4.17350484964115,4.88959758804729,0.890664282619728,3.14392767179642,6.63526750429816
"765","PARQUE ESTADUAL NASCENTES DO PARANAPANEMA","Simpson diversity",2.7937701396348,2.89772727272728,0.436836807972805,2.04154286197914,3.75391168347542
"766","PARQUE ESTADUAL PONTA DA TULHA","Species richness",5,6.93333333333333,2.47902632373047,5,11.7921356445718
"767","PARQUE ESTADUAL PONTA DA TULHA","Shannon diversity",2.31925831296705,2.59722377841025,0.581702655816137,1.45710752329932,3.73734003352118
"768","PARQUE ESTADUAL PONTA DA TULHA","Simpson diversity",1.65441176470588,1.69260700389105,0.357883293313998,0.991168638327031,2.39404536945507
"769","PARQUE ESTADUAL QUARTA COLÔNIA","Species richness",11,19.625,8.96792227431079,11,37.2018046738037
"770","PARQUE ESTADUAL QUARTA COLÔNIA","Shannon diversity",8.38627614234439,12.8115635944959,3.63399428043579,5.68906568481722,19.9340615041746
"771","PARQUE ESTADUAL QUARTA COLÔNIA","Simpson diversity",6.54545454545454,8.625,2.5789052705035,3.57043855027261,13.6795614497274
"772","PARQUE ESTADUAL RESTINGA DE BERTIOGA","Species richness",65,87.2978080120937,15.9285022614213,65,118.517098772144
"773","PARQUE ESTADUAL RESTINGA DE BERTIOGA","Shannon diversity",10.5571096795261,11.1146730550968,0.57097852124302,9.99557571751455,12.2337703926791
"774","PARQUE ESTADUAL RESTINGA DE BERTIOGA","Simpson diversity",5.18293567651957,5.20600387497375,0.242716082278408,4.73028909523941,5.68171865470809
"775","PARQUE ESTADUAL RIO CANOAS","Species richness",5,13,3.47921447072947,6.18086494287966,19.8191350571203
"776","PARQUE ESTADUAL RIO CANOAS","Shannon diversity",5,18.5639518427438,5.79952895592329,7.19708396183701,29.9308197236507
"777","PARQUE ESTADUAL RIO CANOAS","Simpson diversity",5,Inf,NA,NA,NA
"778","PARQUE ESTADUAL RIO NEGRO SETOR SUL","Species richness",2,2.33333333333333,1.06160414797766,2,4.41403922920787
"779","PARQUE ESTADUAL RIO NEGRO SETOR SUL","Shannon diversity",1.88988157484231,2.51984209978993,1.59076096423682,0,5.63767629770631
"780","PARQUE ESTADUAL RIO NEGRO SETOR SUL","Simpson diversity",1.8,3,NA,NA,NA
"781","PARQUE ESTADUAL SERRA DO ARACÁ","Species richness",4,4.46428571428571,1.4869489139355,4,7.37865203245025
"782","PARQUE ESTADUAL SERRA DO ARACÁ","Shannon diversity",3.05374001944373,3.52134828116458,0.854312496835802,1.84692655582392,5.19577000650524
"783","PARQUE ESTADUAL SERRA DO ARACÁ","Simpson diversity",2.51282051282051,2.84375,0.771511299164951,1.33161563997099,4.35588436002901
"784","PARQUE ESTADUAL SERRA DO BRIGADEIRO","Species richness",9,31.6153846153846,13.5867134986699,9,58.2448537410417
"785","PARQUE ESTADUAL SERRA DO BRIGADEIRO","Shannon diversity",7.62749299003007,20.954289841012,12.2631879896178,0,44.9896966363071
"786","PARQUE ESTADUAL SERRA DO BRIGADEIRO","Simpson diversity",6.25925925925926,11.1428571428571,13.5341924181354,0,37.6693868422376
"787","PARQUE ESTADUAL SERRA DO INTENDENTE","Species richness",5,5.11111111111111,2.26899678872301,5,9.55826309804524
"788","PARQUE ESTADUAL SERRA DO INTENDENTE","Shannon diversity",4.86026882501538,6.29817899582722,1.72242825156454,2.92228165680643,9.67407633484801
"789","PARQUE ESTADUAL SERRA DO INTENDENTE","Simpson diversity",4.76470588235294,9,2.01908793249198,5.04266037069628,12.9573396293037
"790","PARQUE ESTADUAL SERRA DO OURO BRANCO","Species richness",11,13.96875,7.22368670192257,11,28.1269157713692
"791","PARQUE ESTADUAL SERRA DO OURO BRANCO","Shannon diversity",9.74176863435336,14.2929262185003,3.18847307506722,8.04363382569285,20.5422186113077
"792","PARQUE ESTADUAL SERRA DO OURO BRANCO","Simpson diversity",8.69565217391304,14.6153846153846,2.74529206406486,9.23471104277388,19.9960581879954
"793","PARQUE ESTADUAL SERRA DO ROLA MOÇA","Species richness",33,55.361963190184,18.5370628774481,33,91.6939388091367
"794","PARQUE ESTADUAL SERRA DO ROLA MOÇA","Shannon diversity",15.1739952931003,18.1477788789854,2.09040265798017,14.0506649561575,22.2448928018134
"795","PARQUE ESTADUAL SERRA DO ROLA MOÇA","Simpson diversity",9.35857696371962,9.8677130044843,0.966293184606527,7.97381316414899,11.7616128448196
"796","PARQUE ESTADUAL SERRA NEGRA DA MANTIQUEIRA","Species richness",6,10.0909090909091,4.60441823142329,6,19.1154029942583
"797","PARQUE ESTADUAL SERRA NEGRA DA MANTIQUEIRA","Shannon diversity",5.3261329320071,8.42867084239423,3.39859682204824,1.7675434732074,15.0897982115811
"798","PARQUE ESTADUAL SERRA NEGRA DA MANTIQUEIRA","Simpson diversity",4.84,7.85714285714285,3.74781613954806,0.511558202950718,15.202727511335
"799","PARQUE ESTADUAL SERRA RICARDO FRANCO","Species richness",3,5,1.38816546816414,3,7.7207543221839
"800","PARQUE ESTADUAL SERRA RICARDO FRANCO","Shannon diversity",3,7.18415315375698,2.34567763838916,2.58670946317326,11.7815968443407
"801","PARQUE ESTADUAL SERRA RICARDO FRANCO","Simpson diversity",3,Inf,NA,NA,NA
"802","PARQUE ESTADUAL SERRA VERDE","Species richness",15,72.9791666666667,29.645785110436,15,131.083837776535
"803","PARQUE ESTADUAL SERRA VERDE","Shannon diversity",12.4393757955369,35.1342716152701,16.6298970783748,2.54027227504758,67.7282709554927
"804","PARQUE ESTADUAL SERRA VERDE","Simpson diversity",10.2857142857143,17.25,9.93867623453363,0,36.7294474736901
"805","PARQUE ESTADUAL SUMAÚMA","Species richness",4,7.6,3.26611992950954,4,14.0014774310272
"806","PARQUE ESTADUAL SUMAÚMA","Shannon diversity",3.789291416276,8.18179988340218,4.76684937466539,0,17.5246529774736
"807","PARQUE ESTADUAL SUMAÚMA","Simpson diversity",3.57142857142857,10,NA,NA,NA
"808","PARQUE ESTADUAL VALE DO CÓDO","Species richness",11,18.8709677419355,6.32115881630889,11,31.2602113624587
"809","PARQUE ESTADUAL VALE DO CÓDO","Shannon diversity",4.46638253111829,5.17565429085918,1.04068843272305,3.13594244359457,7.2153661381238
"810","PARQUE ESTADUAL VALE DO CÓDO","Simpson diversity",2.52894736842105,2.59396433470507,0.494127954869747,1.62549133940593,3.56243733000421
"811","PARQUE ESTADUAL VEREDAS DO PERUAÇU","Species richness",6,9.5,5.56779493004158,6,20.4126775361862
"812","PARQUE ESTADUAL VEREDAS DO PERUAÇU","Shannon diversity",5.65685424949238,10.7059791833747,6.39899355270148,0,23.2477760839736
"813","PARQUE ESTADUAL VEREDAS DO PERUAÇU","Simpson diversity",5.33333333333333,14,NA,NA,NA
"814","PARQUE ESTADUAL VITÓRIO PIASSA","Species richness",3,4.5,2.17192834303361,3,8.75690132934763
"815","PARQUE ESTADUAL VITÓRIO PIASSA","Shannon diversity",2.82842712474619,4.89130913071361,3.31780076608131,0,11.3940791401124
"816","PARQUE ESTADUAL VITÓRIO PIASSA","Simpson diversity",2.66666666666667,6,NA,NA,NA
"817","PARQUE NACIONAL CAVERNAS DO PERUAÇU","Species richness",27,124.573913043478,52.5727880314199,27,227.61468415192
"818","PARQUE NACIONAL CAVERNAS DO PERUAÇU","Shannon diversity",5.77445620766337,6.8298757630483,0.939432776108938,4.9886213559783,8.67113017011829
"819","PARQUE NACIONAL CAVERNAS DO PERUAÇU","Simpson diversity",2.60283408777799,2.62118045187618,0.247038290706073,2.13699429928994,3.10536660446242
"820","PARQUE NACIONAL DA CHAPADA DAS MESAS","Species richness",7,10.6666666666667,5.12534831072153,7,20.7121647639041
"821","PARQUE NACIONAL DA CHAPADA DAS MESAS","Shannon diversity",6,9.63565783172388,3.42284072169357,2.9270132923874,16.3443023710604
"822","PARQUE NACIONAL DA CHAPADA DAS MESAS","Simpson diversity",5.14285714285714,8.24999999999998,3.55249237233223,1.28724289487555,15.2127571051244
"823","PARQUE NACIONAL DA CHAPADA DIAMANTINA","Species richness",62,93.1451342281879,13.0030122154878,67.6596985952975,118.630569861078
"824","PARQUE NACIONAL DA CHAPADA DIAMANTINA","Shannon diversity",27.5838461689331,32.6831143799638,2.41697936159076,27.9459218798693,37.4203068800583
"825","PARQUE NACIONAL DA CHAPADA DIAMANTINA","Simpson diversity",14.4162337662338,15.0982599795292,1.4724830760422,12.2122461826417,17.9842737764167
"826","PARQUE NACIONAL DA CHAPADA DOS GUIMARÃES","Species richness",50,92.6315789473684,31.0594441091515,50,153.50697078114
"827","PARQUE NACIONAL DA CHAPADA DOS GUIMARÃES","Shannon diversity",5.81443394710637,6.02692830805538,0.30848106588477,5.4223165290087,6.63154008710205
"828","PARQUE NACIONAL DA CHAPADA DOS GUIMARÃES","Simpson diversity",2.63942022776767,2.64298645447976,0.0993681932532189,2.44822837449464,2.83774453446489
"829","PARQUE NACIONAL DA SERRA DA CANASTRA","Species richness",68,92.0037238772788,17.577707627706,68,126.455397758357
"830","PARQUE NACIONAL DA SERRA DA CANASTRA","Shannon diversity",15.431884435289,16.6109327454396,0.958329623102679,14.7326411988405,18.4892242920387
"831","PARQUE NACIONAL DA SERRA DA CANASTRA","Simpson diversity",7.65618904486297,7.73065606104699,0.401253792345679,6.94421307938935,8.51709904270463
"832","PARQUE NACIONAL DA SERRA DA CUTIA","Species richness",3,3.2,2.01675707285461,3,7.15277122836145
"833","PARQUE NACIONAL DA SERRA DA CUTIA","Shannon diversity",2.87174588749259,3.73620719468251,2.17740722773979,0,8.00384694072971
"834","PARQUE NACIONAL DA SERRA DA CUTIA","Simpson diversity",2.77777777777778,5,2.83916956844494,0,10.5646701001542
"835","PARQUE NACIONAL DA SERRA DO CIPÓ","Species richness",26,32.7058823529412,8.80988619469778,26,49.9729420024454
"836","PARQUE NACIONAL DA SERRA DO CIPÓ","Shannon diversity",10.6255821228266,11.950999545709,1.09430463923382,9.80620186469563,14.0957972267224
"837","PARQUE NACIONAL DA SERRA DO CIPÓ","Simpson diversity",5.87133182844244,6.06572769953052,0.67002493326383,4.75250296158956,7.37895243747148
"838","PARQUE NACIONAL DA SERRA DO GANDARELA","Species richness",20,55.5384615384615,29.6870633316962,20,113.724036475346
"839","PARQUE NACIONAL DA SERRA DO GANDARELA","Shannon diversity",9.8821899249177,13.5124275345893,2.76118035675291,8.10061348053416,18.9242415886445
"840","PARQUE NACIONAL DA SERRA DO GANDARELA","Simpson diversity",6.35073068893528,6.82499999999999,1.07634537522521,4.71540182963233,8.93459817036765
"841","PARQUE NACIONAL DA SERRA DO PARDO","Species richness",5,6.8,2.92155806294373,5,12.5261485821123
"842","PARQUE NACIONAL DA SERRA DO PARDO","Shannon diversity",4.50320012840204,6.30833387912305,2.04347469313758,2.30319707725435,10.3134706809918
"843","PARQUE NACIONAL DA SERRA DO PARDO","Simpson diversity",4.16666666666667,6.42857142857143,2.16616051177382,2.18297484076189,10.674168016381
"844","PARQUE NACIONAL DA SERRA DO TEIXEIRA","Species richness",20,21.5753846153846,4.34959889659933,20,30.1004417999145
"845","PARQUE NACIONAL DA SERRA DO TEIXEIRA","Shannon diversity",16.8522896693358,20.0921409102265,1.97769406072106,16.2159317787745,23.9683500416785
"846","PARQUE NACIONAL DA SERRA DO TEIXEIRA","Simpson diversity",14.8245614035088,18.9090909090909,2.25450449441214,14.4903432970595,23.3278385211224
"847","PARQUE NACIONAL DA TIJUCA","Species richness",178,261.752379183882,24.2862775703948,214.152149827365,309.352608540399
"848","PARQUE NACIONAL DA TIJUCA","Shannon diversity",15.3623813015492,15.8066388763402,0.397429040742459,15.0276922700747,16.5855854826058
"849","PARQUE NACIONAL DA TIJUCA","Simpson diversity",6.11277273702143,6.11906758650478,0.128155295335725,5.86788782321867,6.3702473497909
"850","PARQUE NACIONAL DAS ARAUCÁRIAS","Species richness",7,11.2352941176471,4.23203674242818,7,19.5299337140565
"851","PARQUE NACIONAL DAS ARAUCÁRIAS","Shannon diversity",5.80223309433074,8.06497468282113,2.49846259257306,3.16807798465737,12.9618713809849
"852","PARQUE NACIONAL DAS ARAUCÁRIAS","Simpson diversity",5.07017543859649,6.79999999999999,2.17813829188014,2.53092739456733,11.0690726054327
"853","PARQUE NACIONAL DAS NASCENTES DO RIO PARNAIBA","Species richness",7,14.5294117647059,8.04877118588837,7,30.3047134088508
"854","PARQUE NACIONAL DAS NASCENTES DO RIO PARNAIBA","Shannon diversity",4.85123414085481,7.31615381349252,3.45113377548446,0.552055907713245,14.0802517192718
"855","PARQUE NACIONAL DAS NASCENTES DO RIO PARNAIBA","Simpson diversity",3.5679012345679,4.24999999999999,1.91323677605176,0.50012482504103,7.99987517495896
"856","PARQUE NACIONAL DE ANAVILHANAS","Species richness",44,60.0961538461538,11.0408999240918,44,81.7359200542849
"857","PARQUE NACIONAL DE ANAVILHANAS","Shannon diversity",25.2252190897516,31.2721958201627,2.88173661325712,25.6240958452483,36.9202957950771
"858","PARQUE NACIONAL DE ANAVILHANAS","Simpson diversity",14.4341637010676,15.8039215686275,2.6356021907599,10.6382361971632,20.9696069400917
"859","PARQUE NACIONAL DE BOA NOVA","Species richness",35,41.6962676962677,10.3302097562673,35,61.9431067712959
"860","PARQUE NACIONAL DE BOA NOVA","Shannon diversity",8.8183923259286,9.63962288540642,1.06178856268679,7.55855554334377,11.7206902274691
"861","PARQUE NACIONAL DE BOA NOVA","Simpson diversity",3.45511202678342,3.48830653581123,0.402649216652582,2.6991285727689,4.27748449885356
"862","PARQUE NACIONAL DE BRASÍLIA","Species richness",72,104.100396301189,16.7725869194925,72,136.974062590962
"863","PARQUE NACIONAL DE BRASÍLIA","Shannon diversity",19.8864894599362,21.4560599813947,1.07320801325896,19.3526109274873,23.559509035302
"864","PARQUE NACIONAL DE BRASÍLIA","Simpson diversity",12.3361031580307,12.5238970588236,0.561682931157677,11.4230187430236,13.6247753746235
"865","PARQUE NACIONAL DE ILHA GRANDE","Species richness",37,45.9508196721311,6.21261388494358,37,58.127319136474
"866","PARQUE NACIONAL DE ILHA GRANDE","Shannon diversity",19.1411238623013,21.9893752854464,1.82899974614046,18.4046016552782,25.5741489156146
"867","PARQUE NACIONAL DE ILHA GRANDE","Simpson diversity",12.1029996385978,12.8893188854489,1.28926889200695,10.3623982907274,15.4162394801704
"868","PARQUE NACIONAL DE SAINT-HILAIRE/LANGE","Species richness",26,46.8253968253968,15.0216265045609,26,76.2672437635485
"869","PARQUE NACIONAL DE SAINT-HILAIRE/LANGE","Shannon diversity",22.479659906896,41.2326718805374,7.80478552410934,25.9355733462235,56.5297704148513
"870","PARQUE NACIONAL DE SAINT-HILAIRE/LANGE","Simpson diversity",19.1739130434783,34.44,7.01180715651731,20.6971105066858,48.1828894933141
"871","PARQUE NACIONAL DE SETE CIDADES","Species richness",11,18.8461538461538,7.73589404209164,11,34.0082275568714
"872","PARQUE NACIONAL DE SETE CIDADES","Shannon diversity",7.09949073900738,8.4566740824236,1.50097684196827,5.51481353053712,11.3985346343101
"873","PARQUE NACIONAL DE SETE CIDADES","Simpson diversity",5.18007662835249,5.64255319148936,1.01328484940042,3.65655138058444,7.62855500239428
"874","PARQUE NACIONAL DO ALTO CARIRI","Species richness",4,4.90909090909091,1.16180375376709,4,7.18618442357785
"875","PARQUE NACIONAL DO ALTO CARIRI","Shannon diversity",3.06776840287102,3.80476264611283,0.846564275591404,2.14552715535544,5.46399813687022
"876","PARQUE NACIONAL DO ALTO CARIRI","Simpson diversity",2.57446808510638,3.05555555555555,0.837761345470083,1.41357349079437,4.69753762031673
"877","PARQUE NACIONAL DO ARAGUAIA","Species richness",8,8.9945652173913,1.49812315122627,8,11.9308326382004
"878","PARQUE NACIONAL DO ARAGUAIA","Shannon diversity",2.68864037493956,2.75438584424037,0.226145543543715,2.31114872363045,3.19762296485028
"879","PARQUE NACIONAL DO ARAGUAIA","Simpson diversity",1.79531233428784,1.80314876298597,0.134199822749793,1.54012194366471,2.06617558230722
"880","PARQUE NACIONAL DO BOQUEIRÃO DA ONÇA","Species richness",10,29.95,12.0408677709042,10,53.5496671735813
"881","PARQUE NACIONAL DO BOQUEIRÃO DA ONÇA","Shannon diversity",7.58537062153123,14.5665397427211,5.41297601218348,3.95730170966227,25.17577777578
"882","PARQUE NACIONAL DO BOQUEIRÃO DA ONÇA","Simpson diversity",6.06060606060606,8.2608695652174,2.9350074561711,2.50836065676553,14.0133784736693
"883","PARQUE NACIONAL DO CATIMBAU","Species richness",33,55.34375,17.295784753899,33,89.2428652019989
"884","PARQUE NACIONAL DO CATIMBAU","Shannon diversity",16.2080754426456,19.8488922192943,2.17622582510342,15.5835679798656,24.1142164587229
"885","PARQUE NACIONAL DO CATIMBAU","Simpson diversity",9.30700179533214,9.88099808061419,1.48879161255698,6.96302013951721,12.7989760217112
"886","PARQUE NACIONAL DO IGUAÇU","Species richness",72,96.2657746478873,13.5966807979237,72,122.914779321105
"887","PARQUE NACIONAL DO IGUAÇU","Shannon diversity",16.2021761184516,17.4734129696865,1.10069977252748,15.3160810577412,19.6307448816318
"888","PARQUE NACIONAL DO IGUAÇU","Simpson diversity",8.38294475671,8.47115643511041,0.423664997313794,7.64078829886512,9.30152457135571
"889","PARQUE NACIONAL DO ITATIAIA","Species richness",89,105.933051206094,10.0608898259732,89,125.652032917427
"890","PARQUE NACIONAL DO ITATIAIA","Shannon diversity",8.18632903143517,8.41878686648375,0.394723802965171,7.64514242883133,9.19243130413617
"891","PARQUE NACIONAL DO ITATIAIA","Simpson diversity",3.18375628643975,3.18709594133291,0.10601110652264,2.9793179905873,3.39487389207853
"892","PARQUE NACIONAL DO JURUENA","Species richness",6,10.1538461538462,3.69982109164951,6,17.4053622427209
"893","PARQUE NACIONAL DO JURUENA","Shannon diversity",4.88305395807595,7.20410011854226,2.08244334200163,3.12258616837384,11.2856140687107
"894","PARQUE NACIONAL DO JURUENA","Simpson diversity",4.12195121951219,5.57142857142857,1.8146026425369,2.01487274580502,9.12798439705211
"895","PARQUE NACIONAL DO PANTANAL MATOGROSSENSE","Species richness",31,39.3037825059102,13.9177816784576,31,66.5821333403784
"896","PARQUE NACIONAL DO PANTANAL MATOGROSSENSE","Shannon diversity",11.2197722238299,12.1067311906145,0.974657882844694,10.1964368429909,14.0170255382382
"897","PARQUE NACIONAL DO PANTANAL MATOGROSSENSE","Simpson diversity",6.22448340638697,6.34240435408996,0.597413569753292,5.171495273498,7.51331343468192
"898","PARQUE NACIONAL DO PICO DA NEBLINA","Species richness",10,12.96875,5.75466879767721,10,24.2476935864037
"899","PARQUE NACIONAL DO PICO DA NEBLINA","Shannon diversity",7.67067678296114,10.956483828817,2.29800530137131,6.45247620184711,15.4604914557869
"900","PARQUE NACIONAL DO PICO DA NEBLINA","Simpson diversity",5.71428571428571,7.60000000000001,2.35489277467123,2.98449497419079,12.2155050258092
"901","PARQUE NACIONAL DOS CAMPOS GERAIS","Species richness",12,50.7391304347826,19.2314297811181,13.0462206925802,88.432040176985
"902","PARQUE NACIONAL DOS CAMPOS GERAIS","Shannon diversity",8.44107117798902,19.1754310785168,7.69452968141908,4.09443002496096,34.2564321320726
"903","PARQUE NACIONAL DOS CAMPOS GERAIS","Simpson diversity",6.08045977011494,7.90625,3.14886921405025,1.73457974843457,14.0779202515654
"904","PARQUE NACIONAL GRANDE SERTÃO VEREDAS","Species richness",9,14.8421052631579,4.4573638317642,9,23.5783778394072
"905","PARQUE NACIONAL GRANDE SERTÃO VEREDAS","Shannon diversity",6.53854423212793,7.95310287230105,1.34754135238609,5.31197035394591,10.5942353906562
"906","PARQUE NACIONAL GRANDE SERTÃO VEREDAS","Simpson diversity",5.5968992248062,6.39090909090909,0.948915352730016,4.53106917518114,8.25074900663704
"907","PARQUE NACIONAL GUARICANA","Species richness",12,23.9893617021277,14.6880937559607,12,52.7774964653582
"908","PARQUE NACIONAL GUARICANA","Shannon diversity",5.7640813156796,7.45147451786192,1.77254657515222,3.97734706964375,10.9256019660801
"909","PARQUE NACIONAL GUARICANA","Simpson diversity",3.72512647554806,3.95970695970696,0.76474498534469,2.46083433107376,5.45857958834016
"910","PARQUE NACIONAL SERRA DAS CONFUSÕES","Species richness",13,14.2888888888889,4.88762361545295,13,23.8684551451641
"911","PARQUE NACIONAL SERRA DAS CONFUSÕES","Shannon diversity",10.88608898951,14.0398498889409,2.02493195845453,10.0710561792259,18.008643598656
"912","PARQUE NACIONAL SERRA DAS CONFUSÕES","Simpson diversity",9.18367346938776,12.7941176470588,2.45255418786512,7.98719976871031,17.6010355254073
"913","PARQUE NACIONAL VIRUÁ","Species richness",22,29.390625,10.4781700888676,22,49.9274609980653
"914","PARQUE NACIONAL VIRUÁ","Shannon diversity",17.4717234004905,25.534096538737,3.62715769884517,18.4249980827533,32.6431949947207
"915","PARQUE NACIONAL VIRUÁ","Simpson diversity",13.8285714285714,19.7083333333333,3.54887228526009,12.7526714684912,26.6639951981755
"916","RDS DO DESPRAIADO","Species richness",6,6.1578947368421,2.45818216566323,6,10.9758432489807
"917","RDS DO DESPRAIADO","Shannon diversity",4.87977853978878,5.6732570455832,1.19303799143006,3.33494555019229,8.01156854097412
"918","RDS DO DESPRAIADO","Simpson diversity",4.14942528735632,5.02941176470588,1.16014523965578,2.75556887814498,7.30325465126679
"919","RDS DOS PINHEIRINHOS","Species richness",1,1,0,1,1
"920","RDS DOS PINHEIRINHOS","Shannon diversity",1,1,0,1,1
"921","RDS DOS PINHEIRINHOS","Simpson diversity",1,Inf,NA,NA,NA
"922","RDS ITAPANHAPIMA","Species richness",2,2.33333333333333,1.33541924378747,2,4.95070695541848
"923","RDS ITAPANHAPIMA","Shannon diversity",1.88988157484231,2.51984209978993,2.12126886997853,0,6.67745268647383
"924","RDS ITAPANHAPIMA","Simpson diversity",1.8,3,NA,NA,NA
"925","REFÚGIO DE VIDA SILVESTRE AIMORÉS","Species richness",24,38.3782805429864,22.3425117199863,24,82.1687988383236
"926","REFÚGIO DE VIDA SILVESTRE AIMORÉS","Shannon diversity",3.22445462327974,3.32703050793659,0.167757263724897,2.9982323128908,3.65582870298237
"927","REFÚGIO DE VIDA SILVESTRE AIMORÉS","Simpson diversity",2.08118421862498,2.0845887873549,0.0826835605868864,1.92253198649107,2.24664558821873
"928","REFÚGIO DE VIDA SILVESTRE DA MATA SECA","Species richness",3,3,0.635931914691884,3,4.24640364941569
"929","REFÚGIO DE VIDA SILVESTRE DA MATA SECA","Shannon diversity",2.7298385631036,3.20363375592902,0.603666315226203,2.02046951940566,4.38679799245238
"930","REFÚGIO DE VIDA SILVESTRE DA MATA SECA","Simpson diversity",2.57894736842105,3.5,0.832273400556108,1.86877410961935,5.13122589038065
"931","REFUGIO DE VIDA SILVESTRE DAS VEREDAS DO OESTE BAIANO","Species richness",2,2.5,0.714142842854286,2,3.89969425181145
"932","REFUGIO DE VIDA SILVESTRE DAS VEREDAS DO OESTE BAIANO","Shannon diversity",2,3.37500000000171,1.13072616785343,1.15881743463199,5.59118256537143
"933","REFUGIO DE VIDA SILVESTRE DAS VEREDAS DO OESTE BAIANO","Simpson diversity",2,Inf,NA,NA,NA
"934","REFÚGIO DE VIDA SILVESTRE DOS MORROS DO CARAUNÃ E DO PADRE","Species richness",11,56.8333333333333,18.8628035343151,19.8629177586208,93.8037489080458
"935","REFÚGIO DE VIDA SILVESTRE DOS MORROS DO CARAUNÃ E DO PADRE","Shannon diversity",10.6907846176841,58.3089114390289,25.3958304013318,8.5339984949311,108.083824383127
"936","REFÚGIO DE VIDA SILVESTRE DOS MORROS DO CARAUNÃ E DO PADRE","Simpson diversity",10.2857142857143,65.9999999999999,NA,NA,NA
"937","REFÚGIO DE VIDA SILVESTRE ESTADUAL DA LAGOA DA TURFEIRA","Species richness",22,26.8699386503068,5.84086704759249,22,38.3178277020748
"938","REFÚGIO DE VIDA SILVESTRE ESTADUAL DA LAGOA DA TURFEIRA","Shannon diversity",10.1255623020223,11.0752169356469,0.928030066981873,9.25631142779217,12.8941224435017
"939","REFÚGIO DE VIDA SILVESTRE ESTADUAL DA LAGOA DA TURFEIRA","Simpson diversity",6.80384122919335,7.05665419561731,0.67625467272504,5.73121939269931,8.38208899853531
"940","REFÚGIO DE VIDA SILVESTRE ESTADUAL DE MACAÚBAS","Species richness",5,13,3.31076664196916,6.51101662052383,19.4889833794762
"941","REFÚGIO DE VIDA SILVESTRE ESTADUAL DE MACAÚBAS","Shannon diversity",5,18.5639518427438,5.56226436591218,7.66211401306545,29.4657896724222
"942","REFÚGIO DE VIDA SILVESTRE ESTADUAL DE MACAÚBAS","Simpson diversity",5,Inf,NA,NA,NA
"943","REFÚGIO DE VIDA SILVESTRE ESTADUAL MACAÚBAS","Species richness",5,13,3.37688578067982,6.38142548996213,19.6185745100379
"944","REFÚGIO DE VIDA SILVESTRE ESTADUAL MACAÚBAS","Shannon diversity",5,18.5639518427438,5.67679829732883,7.43763163248104,29.6902720530067
"945","REFÚGIO DE VIDA SILVESTRE ESTADUAL MACAÚBAS","Simpson diversity",5,Inf,NA,NA,NA
"946","REFÚGIO DE VIDA SILVESTRE MATA DE MUSSAÍBA","Species richness",7,22.75,7.81478124942925,7.43331020405975,38.0666897959402
"947","REFÚGIO DE VIDA SILVESTRE MATA DE MUSSAÍBA","Shannon diversity",6.72717132202972,23.7925897069805,10.3705979957068,3.466591137252,44.118588276709
"948","REFÚGIO DE VIDA SILVESTRE MATA DE MUSSAÍBA","Simpson diversity",6.4,28,NA,NA,NA
"949","REFÚGIO DE VIDA SILVESTRE MATA DE TAPACURÁ","Species richness",2,2.5,0.703239258393226,2,3.87832361896538
"950","REFÚGIO DE VIDA SILVESTRE MATA DE TAPACURÁ","Shannon diversity",2,3.37500000000171,1.11346215912341,1.19265426997162,5.5573457300318
"951","REFÚGIO DE VIDA SILVESTRE MATA DE TAPACURÁ","Simpson diversity",2,Inf,NA,NA,NA
"952","REFÚGIO DE VIDA SILVESTRE MATA DO BITURY","Species richness",5,5.45833333333333,1.87035199474463,5,9.12415588144546
"953","REFÚGIO DE VIDA SILVESTRE MATA DO BITURY","Shannon diversity",4.68995460446875,5.79331152474565,1.16810804872018,3.50386181920275,8.08276123028855
"954","REFÚGIO DE VIDA SILVESTRE MATA DO BITURY","Simpson diversity",4.5,6.59999999999998,1.38057119784044,3.8941301741394,9.30586982586057
"955","REFÚGIO DE VIDA SILVESTRE MATA DO CURADO","Species richness",39,78.6153846153846,28.8563305462294,39,135.172753211977
"956","REFÚGIO DE VIDA SILVESTRE MATA DO CURADO","Shannon diversity",26.7817707362976,39.1215792528595,6.130475164277,27.1060687227593,51.1370897829596
"957","REFÚGIO DE VIDA SILVESTRE MATA DO CURADO","Simpson diversity",18.8432055749129,22.7914893617021,3.72237736002286,15.49576379919,30.0872149242142
"958","REFÚGIO DE VIDA SILVESTRE MATA DO ENGENHO TAPACURÁ","Species richness",4,4.83333333333333,2.10142965471484,4,8.95205977261886
"959","REFÚGIO DE VIDA SILVESTRE MATA DO ENGENHO TAPACURÁ","Shannon diversity",3.77976314968462,5.60453182414359,2.23659272829324,1.22089062860465,9.98817301968252
"960","REFÚGIO DE VIDA SILVESTRE MATA DO ENGENHO TAPACURÁ","Simpson diversity",3.6,7.5,2.93258398518066,1.75224100740695,13.247758992593
"961","REFÚGIO DE VIDA SILVESTRE MATA DO ENGENHO UCHÔA","Species richness",6,7.84615384615385,2.78450248110865,6,13.3036784239892
"962","REFÚGIO DE VIDA SILVESTRE MATA DO ENGENHO UCHÔA","Shannon diversity",5.46155523828866,7.38121954193162,2.02859330206245,3.40524973061003,11.3571893532532
"963","REFÚGIO DE VIDA SILVESTRE MATA DO ENGENHO UCHÔA","Simpson diversity",5.12121212121212,7.79999999999999,2.34159510552858,3.2105579267887,12.3894420732113
"964","REFÚGIO DE VIDA SILVESTRE MATA DO JUNCO","Species richness",16,24.0429292929293,11.0390454116815,16,45.6790607235271
"965","REFÚGIO DE VIDA SILVESTRE MATA DO JUNCO","Shannon diversity",8.38849544510885,10.1911564223503,1.56927710074815,7.11542982312045,13.2668830215801
"966","REFÚGIO DE VIDA SILVESTRE MATA DO JUNCO","Simpson diversity",5.17339667458432,5.52835051546392,1.04293714144665,3.48423128008934,7.57246975083851
"967","REFÚGIO DE VIDA SILVESTRE MATAS DE ÁGUA AZUL","Species richness",4,4.14285714285714,1.75039221684784,4,7.57356284669813
"968","REFÚGIO DE VIDA SILVESTRE MATAS DE ÁGUA AZUL","Shannon diversity",3.86431329785834,5.00859368775952,1.64293779941578,1.7884947720651,8.22869260345394
"969","REFÚGIO DE VIDA SILVESTRE MATAS DE ÁGUA AZUL","Simpson diversity",3.76923076923077,7,2.13685282108783,2.81184543040505,11.188154569595
"970","REFÚGIO DE VIDA SILVESTRE METRÓPOLE DA AMAZÔNIA","Species richness",4,6.8125,1.79653097689382,4,10.3336360118225
"971","REFÚGIO DE VIDA SILVESTRE METRÓPOLE DA AMAZÔNIA","Shannon diversity",1.99086132017245,2.47204687721527,0.619952102941277,1.2569630833105,3.68713067112004
"972","REFÚGIO DE VIDA SILVESTRE METRÓPOLE DA AMAZÔNIA","Simpson diversity",1.48837209302326,1.53846153846154,0.375569056383924,0.802359714241354,2.27456336268172
"973","REFÚGIO DE VIDA SILVESTRE SERRAS CAATINGUEIRAS","Species richness",3,3,0,3,3
"974","REFÚGIO DE VIDA SILVESTRE SERRAS CAATINGUEIRAS","Shannon diversity",2.69109736803308,2.81563744434291,0.205051994654278,2.41374291986242,3.21753196882339
"975","REFÚGIO DE VIDA SILVESTRE SERRAS CAATINGUEIRAS","Simpson diversity",2.5311004784689,2.72043010752688,0.288313181011589,2.15534665647599,3.28551355857777
"976","REFÚGIO DE VIDA SILVESTRE TATU-BOLA","Species richness",2,2.33333333333333,1.14775924770164,2,4.58290012175133
"977","REFÚGIO DE VIDA SILVESTRE TATU-BOLA","Shannon diversity",1.88988157484231,2.51984209978993,1.76465032556417,0,5.97849318320258
"978","REFÚGIO DE VIDA SILVESTRE TATU-BOLA","Simpson diversity",1.8,3,NA,NA,NA
"979","RESERVA BIOLÓGICA CULUENE","Species richness",7,9.14772727272727,3.36511221833477,7,15.7432260245991
"980","RESERVA BIOLÓGICA CULUENE","Shannon diversity",4.5449400474107,5.64393199017098,1.29792103732045,3.10005350224604,8.18781047809592
"981","RESERVA BIOLÓGICA CULUENE","Simpson diversity",3.27027027027027,3.66666666666667,1.16133497153622,1.39049194846884,5.94284138486451
"982","RESERVA BIOLÓGICA DA CONTAGEM","Species richness",93,125.3395954208,16.2755130665534,93.440175980444,157.239014861156
"983","RESERVA BIOLÓGICA DA CONTAGEM","Shannon diversity",7.19065203016454,7.29045130157809,0.15750775856386,6.98174176750729,7.59916083564888
"984","RESERVA BIOLÓGICA DA CONTAGEM","Simpson diversity",4.10797738474941,4.11056824931184,0.0667460763593381,3.97974834353818,4.2413881550855
"985","RESERVA BIOLÓGICA DA SERRA GERAL","Species richness",3,4.5,1.99744786660328,3,8.41492587953879
"986","RESERVA BIOLÓGICA DA SERRA GERAL","Shannon diversity",2.82842712474619,4.89130913071361,3.0053966647121,0,10.7817783528061
"987","RESERVA BIOLÓGICA DA SERRA GERAL","Simpson diversity",2.66666666666667,6,NA,NA,NA
"988","RESERVA BIOLÓGICA DAS PEROBAS","Species richness",16,28.3922413793103,13.2696373262658,16,54.4002526266997
"989","RESERVA BIOLÓGICA DAS PEROBAS","Shannon diversity",9.42312958621639,10.5669214356554,1.28625030558717,8.0459171616009,13.0879257097099
"990","RESERVA BIOLÓGICA DAS PEROBAS","Simpson diversity",7.27351351351351,7.69319492502885,0.821254791399314,6.08356511175524,9.30282473830246
"991","RESERVA BIOLÓGICA DE SALTINHO","Species richness",14,32.9803921568627,24.5930306463252,14,81.18184649435
"992","RESERVA BIOLÓGICA DE SALTINHO","Shannon diversity",13.3107657499882,35.9062566160854,23.7752059396041,0,82.5048039827322
"993","RESERVA BIOLÓGICA DE SALTINHO","Simpson diversity",12.5652173913043,45.3333333333333,NA,NA,NA
"994","RESERVA BIOLÓGICA DE SOORETAMA","Species richness",32,50.2151130722559,17.939911584971,32,85.376693664632
"995","RESERVA BIOLÓGICA DE SOORETAMA","Shannon diversity",9.64523914421807,10.7258555103779,0.994257199985769,8.7771472070362,12.6745638137197
"996","RESERVA BIOLÓGICA DE SOORETAMA","Simpson diversity",5.58775510204082,5.68891537544696,0.455208140290115,4.79672381500887,6.58110693588504
"997","RESERVA BIOLÓGICA DO ABUFARI","Species richness",14,16.6031746031746,5.64882932475395,14,27.6746766345061
"998","RESERVA BIOLÓGICA DO ABUFARI","Shannon diversity",11.5393641847526,14.2413653969595,1.65195319972322,11.0035966213563,17.4791341725627
"999","RESERVA BIOLÓGICA DO ABUFARI","Simpson diversity",10.0227272727273,12.8507462686567,1.73065249741357,9.45872970397181,16.2427628333416
"1000","RESERVA BIOLÓGICA DO CÓRREGO GRANDE","Species richness",7,14.6190476190476,7.42869233548618,7,29.1790170488293
"1001","RESERVA BIOLÓGICA DO CÓRREGO GRANDE","Shannon diversity",4.29912696526814,5.99805647764381,2.74024988199877,0.627265400286085,11.3688475550015
"1002","RESERVA BIOLÓGICA DO CÓRREGO GRANDE","Simpson diversity",3.04137931034483,3.38709677419355,1.61188620565038,0.227857863941884,6.54633568444522
"1003","RESERVA BIOLÓGICA DO GUARÁ","Species richness",18,22.4237288135593,10.9664414873476,18,43.9175591673265
"1004","RESERVA BIOLÓGICA DO GUARÁ","Shannon diversity",13.5999240196075,16.7136189896433,2.22205551824417,12.3584702022363,21.0687677770504
"1005","RESERVA BIOLÓGICA DO GUARÁ","Simpson diversity",11.1214057507987,13.4724409448819,1.82324834038225,9.89893986286026,17.0459420269035
"1006","RESERVA BIOLÓGICA DO JARU","Species richness",7,18.6071428571429,7.15902721605091,7,32.6385783649447
"1007","RESERVA BIOLÓGICA DO JARU","Shannon diversity",4.79263914437691,8.81248150198555,4.31293989102451,0.359274648091402,17.2656883558797
"1008","RESERVA BIOLÓGICA DO JARU","Simpson diversity",3.37931034482759,4.13636363636363,3.76831131862084,0,11.5221181033951
"1009","RESERVA BIOLÓGICA DO MANICORÉ","Species richness",1,1,0,1,1
"1010","RESERVA BIOLÓGICA DO MANICORÉ","Shannon diversity",1,1,0,1,1
"1011","RESERVA BIOLÓGICA DO MANICORÉ","Simpson diversity",1,Inf,NA,NA,NA
"1012","RESERVA BIOLÓGICA DO MATO GRANDE","Species richness",8,11.8709677419355,4.8625430630694,8,21.4013770188266
"1013","RESERVA BIOLÓGICA DO MATO GRANDE","Shannon diversity",3.90015391728624,4.77270645050063,1.19872751478163,2.42324369425143,7.12216920674984
"1014","RESERVA BIOLÓGICA DO MATO GRANDE","Simpson diversity",2.47043701799486,2.59776536312849,0.750058235881966,1.12767823449219,4.06785249176479
"1015","RESERVA BIOLÓGICA DO RIO DESCOBERTO","Species richness",22,25.5797752808989,6.59428550605096,22,38.5043373765332
"1016","RESERVA BIOLÓGICA DO RIO DESCOBERTO","Shannon diversity",10.213554835199,11.0349589257108,0.98159790290835,9.1110623887104,12.9588554627112
"1017","RESERVA BIOLÓGICA DO RIO DESCOBERTO","Simpson diversity",6.20524872698786,6.393262987013,0.746844663741455,4.92947434403382,7.85705162999217
"1018","RESERVA BIOLÓGICA DO RIO TROMBETAS","Species richness",20,32.2727272727273,16.2078739097054,20,64.0395764017163
"1019","RESERVA BIOLÓGICA DO RIO TROMBETAS","Shannon diversity",13.961827165621,19.1508155498161,3.26937770793102,12.7429529904132,25.558678109219
"1020","RESERVA BIOLÓGICA DO RIO TROMBETAS","Simpson diversity",10.6140350877193,12.9130434782609,2.24773362265939,8.50756653100873,17.318520425513
"1021","RESERVA BIOLÓGICA DO TINGUÁ","Species richness",72,82.9975746268657,9.78501687912748,72,102.175855298072
"1022","RESERVA BIOLÓGICA DO TINGUÁ","Shannon diversity",31.5321985668663,35.3816499508651,2.12256897370365,31.2214912077038,39.5418086940264
"1023","RESERVA BIOLÓGICA DO TINGUÁ","Simpson diversity",16.544226044226,17.211402946829,1.45880827312795,14.3521912711492,20.0706146225089
"1024","RESERVA BIOLÓGICA ESTADUAL DO AGUAÍ","Species richness",9,23.1666666666667,7.68904113682373,9,38.2369103704881
"1025","RESERVA BIOLÓGICA ESTADUAL DO AGUAÍ","Shannon diversity",7.0437324653769,12.7471495204372,3.98008196290419,4.94633221762749,20.5479668232469
"1026","RESERVA BIOLÓGICA ESTADUAL DO AGUAÍ","Simpson diversity",5.78571428571428,8.05263157894737,3.09542764501746,1.98570487796352,14.1195582799312
"1027","RESERVA BIOLOGICA ESTADUAL DO SASSAFRAS","Species richness",9,12.8181818181818,5.55448457157009,9,23.7047715311426
"1028","RESERVA BIOLOGICA ESTADUAL DO SASSAFRAS","Shannon diversity",6.98662898339022,9.50678002126072,2.42753921428995,4.74889059019375,14.2646694523277
"1029","RESERVA BIOLOGICA ESTADUAL DO SASSAFRAS","Simpson diversity",5.62790697674419,7.21875000000001,1.84196184858905,3.60857111586866,10.8289288841314
"1030","RESERVA BIOLÓGICA GUARIBAS","Species richness",19,38.6976744186046,18.300080248127,19,74.5651726191264
"1031","RESERVA BIOLÓGICA GUARIBAS","Shannon diversity",13.8221225200042,21.8100587866266,5.27497883630266,11.4712902482624,32.1488273249908
"1032","RESERVA BIOLÓGICA GUARIBAS","Simpson diversity",10.4463276836158,13.4776119402985,3.72199116497317,6.1826433061748,20.7725805744222
"1033","RESERVA BIOLÓGICA NASCENTES SERRA DO CACHIMBO","Species richness",7,9.08928571428572,5.02480125041131,7,18.9377151945637
"1034","RESERVA BIOLÓGICA NASCENTES SERRA DO CACHIMBO","Shannon diversity",6.10748003888746,8.58060976450529,2.83214596051195,3.02970568294127,14.1315138460693
"1035","RESERVA BIOLÓGICA NASCENTES SERRA DO CACHIMBO","Simpson diversity",5.44444444444444,8.27272727272727,2.50368476122156,3.36559531209125,13.1798592333633
"1036","RESERVA BIOLÓGICA RIO OURO PRETO","Species richness",1,1,0,1,1
"1037","RESERVA BIOLÓGICA RIO OURO PRETO","Shannon diversity",1,1,0,1,1
"1038","RESERVA BIOLÓGICA RIO OURO PRETO","Simpson diversity",1,Inf,NA,NA,NA
"1039","RESERVA BIOLÓGICA TRAÇADAL","Species richness",1,1,0,1,1
"1040","RESERVA BIOLÓGICA TRAÇADAL","Shannon diversity",1,1,0,1,1
"1041","RESERVA BIOLÓGICA TRAÇADAL","Simpson diversity",1,Inf,NA,NA,NA
"1042","RESERVA BIOLÓGICA UNIÃO","Species richness",25,78.2058823529412,54.928743943256,25,185.864242197746
"1043","RESERVA BIOLÓGICA UNIÃO","Shannon diversity",10.7982551052577,17.8775903951568,6.03188919830028,6.05530480775212,29.6998759825616
"1044","RESERVA BIOLÓGICA UNIÃO","Simpson diversity",5.09251101321586,5.42380952380954,1.42409595838108,2.63263273485357,8.2149863127655
"1045","RESERVA DE DESENVOLVIMENTO SUSTENTÁVEL ALCOBAÇA","Species richness",9,10.0588235294118,4.29175946411974,9,18.4705175093954
"1046","RESERVA DE DESENVOLVIMENTO SUSTENTÁVEL ALCOBAÇA","Shannon diversity",8.32514890264246,11.3538267146551,2.32471437322747,6.79747026878666,15.9101831605236
"1047","RESERVA DE DESENVOLVIMENTO SUSTENTÁVEL ALCOBAÇA","Simpson diversity",7.81081081081081,13.6,2.64422944887105,8.41740551335252,18.7825944866474
"1048","RESERVA DE DESENVOLVIMENTO SUSTENTÁVEL AMANÃ","Species richness",16,19.5234042553192,8.21115129505449,16,35.6169650652354
"1049","RESERVA DE DESENVOLVIMENTO SUSTENTÁVEL AMANÃ","Shannon diversity",10.5005959208855,13.1900043415227,2.350005638181,8.58407792722185,17.7959307558235
"1050","RESERVA DE DESENVOLVIMENTO SUSTENTÁVEL AMANÃ","Simpson diversity",6.8816199376947,7.89051094890511,2.06346807905377,3.84618783071167,11.9348340670986
"1051","RESERVA DE DESENVOLVIMENTO SUSTENTÁVEL BARARATI","Species richness",2,2,0.429234695990928,2,2.84128454505722
"1052","RESERVA DE DESENVOLVIMENTO SUSTENTÁVEL BARARATI","Shannon diversity",1.64938488846612,1.85274193095289,0.450830122432198,0.969131127839999,2.73635273406578
"1053","RESERVA DE DESENVOLVIMENTO SUSTENTÁVEL BARARATI","Simpson diversity",1.47058823529412,1.66666666666667,0.566319957313555,0.556699946605838,2.77663338672749
"1054","RESERVA DE DESENVOLVIMENTO SUSTENTÁVEL CAMPINA","Species richness",1,1,0,1,1
"1055","RESERVA DE DESENVOLVIMENTO SUSTENTÁVEL CAMPINA","Shannon diversity",1,1,0,1,1
"1056","RESERVA DE DESENVOLVIMENTO SUSTENTÁVEL CAMPINA","Simpson diversity",1,1,0,1,1
"1057","RESERVA DE DESENVOLVIMENTO SUSTENTÁVEL CUJUBIM","Species richness",1,1,0,1,1
"1058","RESERVA DE DESENVOLVIMENTO SUSTENTÁVEL CUJUBIM","Shannon diversity",1,1,0,1,1
"1059","RESERVA DE DESENVOLVIMENTO SUSTENTÁVEL CUJUBIM","Simpson diversity",1,Inf,NA,NA,NA
"1060","RESERVA DE DESENVOLVIMENTO SUSTENTÁVEL DE ITATUPÃ-BAQUIÁ","Species richness",2,2.33333333333333,1.07672029762915,2,4.44366633810971
"1061","RESERVA DE DESENVOLVIMENTO SUSTENTÁVEL DE ITATUPÃ-BAQUIÁ","Shannon diversity",1.88988157484231,2.51984209978993,1.63598730157084,0,5.72631829003364
"1062","RESERVA DE DESENVOLVIMENTO SUSTENTÁVEL DE ITATUPÃ-BAQUIÁ","Simpson diversity",1.8,3,NA,NA,NA
"1063","RESERVA DE DESENVOLVIMENTO SUSTENTÁVEL DO JUMA","Species richness",7,9.125,4.53084290380306,7,18.0052889110629
"1064","RESERVA DE DESENVOLVIMENTO SUSTENTÁVEL DO JUMA","Shannon diversity",5.4304380772875,7.07316583939857,1.82704277998864,3.49222779240689,10.6541038863902
"1065","RESERVA DE DESENVOLVIMENTO SUSTENTÁVEL DO JUMA","Simpson diversity",4.5,5.66666666666667,1.34401274761834,3.03245008657201,8.30088324676133
"1066","RESERVA DE DESENVOLVIMENTO SUSTENTAVEL DO RIO MADEIRA","Species richness",6,16.7142857142857,6.41217308865106,6,29.2819140306788
"1067","RESERVA DE DESENVOLVIMENTO SUSTENTAVEL DO RIO MADEIRA","Shannon diversity",5.74234749205346,17.6198891309025,9.02986604353336,0,35.318101361449
"1068","RESERVA DE DESENVOLVIMENTO SUSTENTAVEL DO RIO MADEIRA","Simpson diversity",5.44444444444444,21,NA,NA,NA
"1069","RESERVA DE DESENVOLVIMENTO SUSTENTÁVEL ITAPARÁ - BOIAÇU","Species richness",2,2.5,0.684072032358103,2,3.840756546253
"1070","RESERVA DE DESENVOLVIMENTO SUSTENTÁVEL ITAPARÁ - BOIAÇU","Shannon diversity",2,3.37500000000171,1.08311405123444,1.25213546843293,5.49786453157049
"1071","RESERVA DE DESENVOLVIMENTO SUSTENTÁVEL ITAPARÁ - BOIAÇU","Simpson diversity",2,Inf,NA,NA,NA
"1072","RESERVA DE DESENVOLVIMENTO SUSTENTÁVEL PIAGAÇU PURUS","Species richness",15,26.9512195121951,12.3707749735067,15,51.1974929211177
"1073","RESERVA DE DESENVOLVIMENTO SUSTENTÁVEL PIAGAÇU PURUS","Shannon diversity",10.9767043261594,15.3110380120356,3.31826485676615,8.80735840160897,21.8147176224622
"1074","RESERVA DE DESENVOLVIMENTO SUSTENTÁVEL PIAGAÇU PURUS","Simpson diversity",8.44723618090452,10.379746835443,2.29927897679674,5.87324285051133,14.8862508203748
"1075","RESERVA DE DESENVOLVIMENTO SUSTENTAVEL PURANGA CONQUISTA","Species richness",13,17.3676470588235,12.703802495883,13,42.2666424174643
"1076","RESERVA DE DESENVOLVIMENTO SUSTENTAVEL PURANGA CONQUISTA","Shannon diversity",8.02629998989736,10.6340020281146,2.54872425995473,5.63859427207985,15.6294097841494
"1077","RESERVA DE DESENVOLVIMENTO SUSTENTAVEL PURANGA CONQUISTA","Simpson diversity",4.89830508474576,5.55445544554455,1.59997235347483,2.4185672564741,8.690343634615
"1078","RESERVA DE DESENVOLVIMENTO SUSTENTÁVEL SERRA GRANDE","Species richness",1,1,0,1,1
"1079","RESERVA DE DESENVOLVIMENTO SUSTENTÁVEL SERRA GRANDE","Shannon diversity",1,1,0,1,1
"1080","RESERVA DE DESENVOLVIMENTO SUSTENTÁVEL SERRA GRANDE","Simpson diversity",1,Inf,NA,NA,NA
"1081","RESERVA DE DESENVOLVIMENTO SUSTENTÁVEL UACARÍ","Species richness",14,53.5581395348837,24.6977015879313,14,101.964745148147
"1082","RESERVA DE DESENVOLVIMENTO SUSTENTÁVEL UACARÍ","Shannon diversity",7.99043145681244,12.7177563200588,4.45905864177476,3.97816197722819,21.4573506628894
"1083","RESERVA DE DESENVOLVIMENTO SUSTENTÁVEL UACARÍ","Simpson diversity",5.51940298507463,6.18493150684932,1.34472496536458,3.54931900562288,8.82054400807577
"1084","RESERVA EXTRATIVISTA BAIXO JURUÁ","Species richness",3,5,1.47253189043571,3,7.88610947134067
"1085","RESERVA EXTRATIVISTA BAIXO JURUÁ","Shannon diversity",3,7.18415315375698,2.46691734573591,2.34908400327746,12.0192223042365
"1086","RESERVA EXTRATIVISTA BAIXO JURUÁ","Simpson diversity",3,Inf,NA,NA,NA
"1087","RESERVA EXTRATIVISTA BAIXO RIO BRANCO-JAUAPERI","Species richness",21,44.5384615384615,20.3361566600041,21,84.396596176034
"1088","RESERVA EXTRATIVISTA BAIXO RIO BRANCO-JAUAPERI","Shannon diversity",13.7061068341852,20.9854720720382,4.58705009643402,11.9950190877465,29.9759250563298
"1089","RESERVA EXTRATIVISTA BAIXO RIO BRANCO-JAUAPERI","Simpson diversity",8.89473684210526,10.5238095238095,2.89329981545138,4.85304608904844,16.1945729585706
"1090","RESERVA EXTRATIVISTA BARREIRO DAS ANTAS","Species richness",4,4.83333333333333,1.85419641144378,4,8.46749152002656
"1091","RESERVA EXTRATIVISTA BARREIRO DAS ANTAS","Shannon diversity",3.77976314968462,5.60453182414359,2.01639407579736,1.65247205694083,9.55659159134634
"1092","RESERVA EXTRATIVISTA BARREIRO DAS ANTAS","Simpson diversity",3.6,7.5,2.73869332824167,2.1322597119462,12.8677402880538
"1093","RESERVA EXTRATIVISTA CANUTAMA","Species richness",8,15.5294117647059,6.70633093583014,8,28.6735788673397
"1094","RESERVA EXTRATIVISTA CANUTAMA","Shannon diversity",6.72223066136957,10.4594693266107,3.24305324431861,4.10320176780041,16.8157368854209
"1095","RESERVA EXTRATIVISTA CANUTAMA","Simpson diversity",5.89795918367347,8.49999999999999,2.53467854270933,3.53212134390323,13.4678786560967
"1096","RESERVA EXTRATIVISTA CATUÁ-IPIXUNA","Species richness",5,11.6666666666667,4.87370943232688,5,21.2189616251405
"1097","RESERVA EXTRATIVISTA CATUÁ-IPIXUNA","Shannon diversity",4.7622031559046,12.4194938348926,6.97664938449233,0,26.0934753612611
"1098","RESERVA EXTRATIVISTA CATUÁ-IPIXUNA","Simpson diversity",4.5,15,NA,NA,NA
"1099","RESERVA EXTRATIVISTA DO MÉDIO PURÚS","Species richness",4,5.75,2.27342566977823,4,10.2058324342942
"1100","RESERVA EXTRATIVISTA DO MÉDIO PURÚS","Shannon diversity",3.36358566101486,4.78345504686876,1.92544269288475,1.00965671451884,8.55725337921867
"1101","RESERVA EXTRATIVISTA DO MÉDIO PURÚS","Simpson diversity",2.90909090909091,4,2.21844073904898,0,8.34806395037242
"1102","RESERVA EXTRATIVISTA DO RIO JUTAÍ","Species richness",1,1,0,1,1
"1103","RESERVA EXTRATIVISTA DO RIO JUTAÍ","Shannon diversity",1,1,0,1,1
"1104","RESERVA EXTRATIVISTA DO RIO JUTAÍ","Simpson diversity",1,Inf,NA,NA,NA
"1105","RESERVA EXTRATIVISTA DO RIO UNINI","Species richness",8,29.7777777777778,10.396804872894,9.40041467261495,50.1551408829406
"1106","RESERVA EXTRATIVISTA DO RIO UNINI","Shannon diversity",7.71519584567766,30.9439721703975,14.9123520255226,1.71629927559033,60.1716450652046
"1107","RESERVA EXTRATIVISTA DO RIO UNINI","Simpson diversity",7.36363636363636,36,NA,NA,NA
"1108","RESERVA EXTRATIVISTA GUARIBA-ROOSEVELT","Species richness",6,13.1111111111111,6.60447988171994,6,26.0556538159015
"1109","RESERVA EXTRATIVISTA GUARIBA-ROOSEVELT","Shannon diversity",5.34941802342378,10.8724184348636,7.47852968293009,0,25.5300672707203
"1110","RESERVA EXTRATIVISTA GUARIBA-ROOSEVELT","Simpson diversity",4.76470588235294,9,NA,NA,NA
"1111","RESERVA EXTRATIVISTA ILHA DO TUMBA","Species richness",10,12.56,5.96353499179672,10,24.2483138044659
"1112","RESERVA EXTRATIVISTA ILHA DO TUMBA","Shannon diversity",7.37320663420593,9.65604909497288,2.0343337678938,5.66882817736736,13.6432700125784
"1113","RESERVA EXTRATIVISTA ILHA DO TUMBA","Simpson diversity",5.43478260869565,6.66666666666667,1.95036099816024,2.84402935342102,10.4893039799123
"1114","RESERVA EXTRATIVISTA IPAÚ-ANILZINHO","Species richness",7,16.2307692307692,5.83010161767294,7,27.6575584276169
"1115","RESERVA EXTRATIVISTA IPAÚ-ANILZINHO","Shannon diversity",5.43255122783702,9.96724068479289,3.76798715514603,2.58212156649714,17.3523598030886
"1116","RESERVA EXTRATIVISTA IPAÚ-ANILZINHO","Simpson diversity",4.33333333333333,6,2.84264526302807,0.428517663641589,11.5714823363584
"1117","RESERVA EXTRATIVISTA IPÊ","Species richness",1,1,0,1,1
"1118","RESERVA EXTRATIVISTA IPÊ","Shannon diversity",1,1,0,1,1
"1119","RESERVA EXTRATIVISTA IPÊ","Simpson diversity",1,Inf,NA,NA,NA
"1120","RESERVA EXTRATIVISTA ITAPETININGA","Species richness",1,1,0,1,1
"1121","RESERVA EXTRATIVISTA ITAPETININGA","Shannon diversity",1,1,0,1,1
"1122","RESERVA EXTRATIVISTA ITAPETININGA","Simpson diversity",1,Inf,NA,NA,NA
"1123","RESERVA EXTRATIVISTA JACI-PARANÁ","Species richness",3,3.2,1.73219543068934,3,6.59504065833594
"1124","RESERVA EXTRATIVISTA JACI-PARANÁ","Shannon diversity",2.87174588749259,3.73620719468251,1.88022799703317,0.051028037773611,7.42138635159141
"1125","RESERVA EXTRATIVISTA JACI-PARANÁ","Simpson diversity",2.77777777777778,5,2.49083843198954,0.11804638199229,9.88195361800771
"1126","RESERVA EXTRATIVISTA LAGO DO CEDRO","Species richness",3,3,0.341808959271281,3,3.66993324976483
"1127","RESERVA EXTRATIVISTA LAGO DO CEDRO","Shannon diversity",2.36308337479987,2.47936098735652,0.353408852420955,1.78669236479382,3.17202960991922
"1128","RESERVA EXTRATIVISTA LAGO DO CEDRO","Simpson diversity",2.05084745762712,2.1588785046729,0.420253869149655,1.33519605677597,2.98256095256983
"1129","RESERVA EXTRATIVISTA LAGO DO CUNIÃ","Species richness",1,1,0,1,1
"1130","RESERVA EXTRATIVISTA LAGO DO CUNIÃ","Shannon diversity",1,1,0,1,1
"1131","RESERVA EXTRATIVISTA LAGO DO CUNIÃ","Simpson diversity",1,Inf,NA,NA,NA
"1132","RESERVA EXTRATIVISTA MAPUÁ","Species richness",1,1,0,1,1
"1133","RESERVA EXTRATIVISTA MAPUÁ","Shannon diversity",1,1,0,1,1
"1134","RESERVA EXTRATIVISTA MAPUÁ","Simpson diversity",1,1,0,1,1
"1135","RESERVA EXTRATIVISTA MÉDIO JURUÁ","Species richness",6,8.15217391304348,4.51953826797571,6,17.0103061450264
"1136","RESERVA EXTRATIVISTA MÉDIO JURUÁ","Shannon diversity",2.96296219116203,3.56326650480127,1.09550154871592,1.41612292431022,5.71041008529233
"1137","RESERVA EXTRATIVISTA MÉDIO JURUÁ","Simpson diversity",1.9812734082397,2.07377049180328,0.59528015242938,0.907042832330184,3.24049815127638
"1138","RESERVA EXTRATIVISTA QUILOMBO DO FRECHAL","Species richness",7,8.02272727272727,3.63732413454397,7,15.1517515765318
"1139","RESERVA EXTRATIVISTA QUILOMBO DO FRECHAL","Shannon diversity",6.64449194422446,9.73133487324966,2.77868188944453,4.28521844544468,15.1774513010546
"1140","RESERVA EXTRATIVISTA QUILOMBO DO FRECHAL","Simpson diversity",6.36842105263158,13.75,3.65599815414703,6.5843752903269,20.9156247096731
"1141","RESERVA EXTRATIVISTA RIO CAJARI","Species richness",6,6.11666666666667,2.23000772197762,6,10.487401486989
"1142","RESERVA EXTRATIVISTA RIO CAJARI","Shannon diversity",5.06152548499849,6.12243605244478,1.38761070389767,3.40276904824307,8.84210305664648
"1143","RESERVA EXTRATIVISTA RIO CAJARI","Simpson diversity",4.24528301886792,5.52631578947369,1.7177218034207,2.15964291930994,8.89298865963744
"1144","RESERVA EXTRATIVISTA RIO PACAÁS NOVOS","Species richness",6,9.5,4.94076147981471,6,19.1837145566397
"1145","RESERVA EXTRATIVISTA RIO PACAÁS NOVOS","Shannon diversity",5.65685424949238,10.7059791833747,5.06288583972697,0.782905279671983,20.6290530870774
"1146","RESERVA EXTRATIVISTA RIO PACAÁS NOVOS","Simpson diversity",5.33333333333333,14,6.31081833906552,1.6310233424567,26.3689766575433
"1147","RESERVA EXTRATIVISTA RIOZINHO DA LIBERDADE","Species richness",1,1,0,1,1
"1148","RESERVA EXTRATIVISTA RIOZINHO DA LIBERDADE","Shannon diversity",1,1,0,1,1
"1149","RESERVA EXTRATIVISTA RIOZINHO DA LIBERDADE","Simpson diversity",1,Inf,NA,NA,NA
"1150","RESERVA EXTRATIVISTA VERDE PARA SEMPRE","Species richness",8,8.63492063492063,3.07797657579384,8,14.6676438687345
"1151","RESERVA EXTRATIVISTA VERDE PARA SEMPRE","Shannon diversity",6.84238782233537,8.41322439575576,1.50810807154963,5.45738689072434,11.3690619007872
"1152","RESERVA EXTRATIVISTA VERDE PARA SEMPRE","Simpson diversity",6.04109589041096,8.07692307692308,1.5712514202545,4.99732688256685,11.1565192712793
